name,number,note,reading,kind,birth_date,formed_date,canonical_name,canonical_note
2700,,,にせんななひゃく,u,,,,
2丁拳銃,,,にちょうけんじゅう,u,,,,
AMEMIYA,,,あめみや,p,,,,
cacao,,,かかお,u,,,,
COWCOW,,,かうかう,u,,,,
多田健二,,,ただけんじ,p,1974年08月08日,,,
COWCOW多田,,,かうかうただ,p,,,多田健二,
善し,,,よし,p,1974年10月19日,,,
COWCOW山田よし,,,かうかうやまだよし,p,,,善し,
COWCOW山田與志,,,かうかうやまだよし,p,,,善し,
COWCOW善し,,,かうかうよし,p,,,善し,
DonDokoDon,,,どんどこどん,u,,,,
Gたかし,,,じーたかし,p,,,,
Hi-Hi,,,はいはい,u,,,,
NON STYLE,,,のんすたいる,u,,,,
石田明,,,いしだあきら,p,1980年02月20日,,,
井上裕介,,,いのうえゆうすけ,p,1980年03月01日,,,
NON STYLE石田,,,のんすたいるいしだ,p,,,石田明,
POISON GIRL BAND,,,ぽいずんがーるばんど,u,,,,
SAKURAI,,,さくらい,p,,,,
TAIGA,,,たいが,p,,,,
TKO,,,てぃーけーおー,u,,,,
U字工事,,,ゆーじこうじ,u,,,,
アキナ,,,あきな,u,,,,
秋山賢太,,,あきやまけんた,p,1983年06月24日,,,
山名文和,,,やまなふみかず,p,1980年07月03日,,,
ソーセージ,,,そーせーじ,u,,,,
mossan,,,もっさん,p,1984年07月12日,,,
アキラ100％,,,あきらひゃくぱーせんと,p,,,,
アジアン,,,あじあん,u,,,,
馬場園梓,,,ばばぞのあづさ,p,1981年3月1日,,,
アジアン馬場園,,,あじあんばばぞの,p,,,馬場園梓,
隅田美保,,,すみだみほ,p,1975年11月29日,,,
あばれる君,,,あばれるくん,p,,,,
あべこうじ,,,あべこうじ,p,,,,
アメリカザリガニ,,,あめりかざりがに,u,,,,
アンガールズ,,,あんがーるず,u,,,,
アンタッチャブル,,,あんたっちゃぶる,u,,,,
アンドーひであき,,,あんどーひであき,p,,,,
いとうあさこ,,,いとうあさこ,p,,,,
いぬ,,,いぬ,u,,,,
ちょんまげラーメン,,,ちょんまげらーめん,u,,,,
インディアンス,,,いんでぃあんす,u,,,ちょんまげラーメン,
インパルス,,,いんぱるす,u,,,,
ウーマンラッシュアワー,,,うーまんらっしゅあわー,u,,,,
うしろシティ,,,うしろしてぃ,u,,,,
ウメ,,,うめ,p,,,,
うるとらブギーズ,,,うるとらぶぎーず,u,,,,
エバース,,,えばーす,u,,,,
エハラマサヒロ,,,えはらまさひろ,p,,,,
エルシャラカーニ,,,えるしゃらかーに,u,,,,
エレキコミック,,,えれきこみっく,u,,,,
エレファントジョン,,,えれふぁんとじょん,u,,,,
オードリー,,,おーどりー,u,,,,
オール阪神,,,おーるはんしん,p,,,,
おぎやはぎ,,,おぎやはぎ,u,,,,
オジンオズボーン,,,おじんおずぼーん,u,,,,
オズワルド,,,おずわるど,u,,,,
お見送り芸人しんいち,,,おみおくりげいにんしんいち,p,,,,
かが屋,,,かがや,u,,,,
賀屋壮也,,,かやそうや,p,1993年2月19日,,,
かが屋 賀屋,,,かがやかや,p,,,賀屋壮也,
加賀翔,,,かがしょう,p,1993年5月16日,,,
カゲヤマ,,,かげやま,u,,,,
カナリア,,,かなりあ,u,,,,
カニササレアヤコ,,,かにさされあやこ,p,,,,
カベポスター,,,かべぽすたー,u,,,,
永見大吾,,,ながみだいご,p,,,,
カベポスター 永見,,,かべぽすたーながみ,p,,,永見大吾,
かまいたち,,,かまいたち,u,,,,
鎌鼬,,,かまいたち,u,,,かまいたち,
からし蓮根,,,からしれんこん,u,,,,
キャプテン渡辺,,,きゃぷてんわたなべ,p,,,,
ギャロップ,,,ぎゃろっぷ,u,,,,
キュウ,,,きゅう,u,,,,
キングオブコメディ,,,きんぐおぶこめでぃ,u,,,,
キングコング,,,きんぐこんぐ,u,,,,
キンタロー。,,,きんたろー,p,,,,
くらげ,,,くらげ,u,,,,
クロコップ,,,くろこっぷ,u,,,,
クロスバー直撃,,,くろすばーちょくげき,u,,,,
前野悠介,,,まえのゆうすけ,p,1984年03月21日,,,
クロスバー直撃 前野悠介,,,くろすばーちょくげきまえのゆうすけ,p,,,前野悠介,
渡邊センス,,,わたなべせんす,p,1984年02月04日,,,
ケンドーコバヤシ,,,けんどーこばやし,p,,,,
コロコロチキチキペッパーズ,,,ころころちきちきぺっぱーず,u,,,,
ザ・ギース,,,ざぎーす,u,,,,
THE GEESE,,,ざぎーす,u,,,ザ・ギース,
ザ・パンチ,,,ざぱんち,u,,,,
ザ・プラン9,,5人時代,ざぷらんないん,u,,,,
なだぎ武,,,なだぎたけし,p,1970年10月9日,,,
ヤナギブソン,,,やなぎぶそん,p,1976年3月25日,,,
浅越ゴエ,,,あさごえごえ,p,1973年12月20日,,,
お～い！久馬,,,おーいきゅうま,p,1972年7月22日,,,
鈴木つかさ,,,すずきつかさ,p,1972年8月29日,,,
ザ・プラン9,1,6人時代,ざぷらんないん,u,,,,
チョップリン,,,ちょっぷりん,u,,,,
コヴァンサン,,,こゔぁんさん,p,1975年9月30日,,,
きょうくん,,,きょうくん,p,1976年2月23日,,,
カバと爆ノ介,,,かばとばくのすけ,u,,,,
爆ノ介,,,ばくのすけ,p,1979年6月10日,,,
カバ,,,かば,p,1983年1月29日,,,
サイクロンZ,,,さいくろんぜっと,p,,,,
ザブングル,,,ざぶんぐる,u,,,,
さらば青春の光,,,さらばせいしゅんのひかり,u,,,,
サルゴリラ,,,さるごりら,u,,,,
サンドウィッチマン,,,さんどうぃっちまん,u,,,,
ジェラードン,,3人時代,じぇらーどん,u,2008年,,,
ジェラードン,1,2人時代,じぇらーどん,u,,,,
かみちぃ,,,かみちぃ,p,1987年7月24日,,,
アタック西本,,,あたっくにしもと,p,1987年7月14日,,,
海野裕二,,,うみのゆうじ,p,1987年11月17日,,,
ジグザグジギー,,,じぐざぐじぎー,u,,,,
シシガシラ,,,ししがしら,u,,,,
しずる,,,しずる,u,,,,
シティホテル3号室,,,してぃほてるさんごうしつ,u,,,,
ジャルジャル,,,じゃるじゃる,u,,,,
ジャングルポケット,,,じゃんぐるぽけっと,u,,,,
シャンプーハット,,,しゃんぷーはっと,u,,,,
恋さん,,,こいさん,p,1976年2月1日,,,
シャンプーハットこいで,,,しゃんぷーはっとこいで,p,,,恋さん,
てつじ,,,てつじ,p,1975年8月7日,,,
じゅんいちダビッドソン,,,じゅんいちだびっどそん,p,,,,
ジョックロック,,,じょっくろっく,u,,,,
スーパーマラドーナ,,,すーぱーまらどーな,u,,,,
マラドーナ,,,まらどーな,u,,,スーパーマラドーナ,
スギちゃん,,,すぎちゃん,p,,,,
スピードワゴン,,,すぴーどわごん,u,,,,
ゼンモンキー,,,ぜんもんきー,u,,,,
ヤザキ,,,やざき,p,1996年09月24日,,,
ムニエル,,,むにえる,p,1996年08月22日,,,
むらまつ,,,むらまつ,p,1997年02月10日,,,
ダンゴ虫たち,,,だんごむしたち,u,,,,
けんぞう,,,けんぞう,p,1995年06月15日,,,
さかざきまさき,,,さかざきまさき,p,1996年06月18日,,,
そいつどいつ,,,そいつどいつ,u,,,,
ゾフィー,,,ぞふぃー,u,,,,
だーりんず,,,だーりんず,u,2011年08月30日,,,
松本りんす,,,まつもとりんす,p,1977年11月10日,,,
だーりんず 松本りんす,,,だーりんずまつもとりんす,p,,,松本りんす,
小田祐一郎,,,おだゆういちろう,p,1977年3月13日,,,
ダイアン,,,だいあん,u,,,,
ダイタク,,,だいたく,u,,,,
だいたひかる,,,だいたひかる,p,,,,
ダイノジ,,,だいのじ,u,,,,
タイムマシーン3号,,,たいむましーんさんごう,u,,,,
タカアンドトシ,,,たかあんどとし,u,,,,
ダンビラムーチョ,,,だんびらむーちょ,u,,,,
チーモンチョーチュウ,,,ちーもんちょーちゅう,u,,,,
チキチキジョニー,,,ちきちきじょにー,u,,,,
チャンス大城,,,ちゃんすおおしろ,p,,,,
チョコンヌ,,,ちょこんぬ,u,,,,
チョコレートプラネット,,,ちょこれーとぷらねっと,u,,,,
松尾駿,,,まつおしゅん,p,1982年8月18日,,,
チョコレートプラネット松尾,,,ちょこれーとぷらねっとまつお,p,,,松尾駿,
長田庄平,,,おさだしょうへい,p,1980年1月28日,,,
チョコレートプラネット長田,,,ちょこれーとぷらねっとおさだ,p,,,長田庄平,
シソンヌ,,,しそんぬ,u,,,,
じろう,,,じろう,p,1978年7月14日,,,
長谷川忍,,,はせがわしのぶ,p,1978年8月6日,,,
テツandトモ,,,てつあんどとも,u,,,,
テンダラー,,,てんだらー,u,,,,
$10,,,てんだらー,u,,,テンダラー,
トータルテンボス,,,とーたるてんぼす,u,,,,
どくさいスイッチ企画,,,どくさいすいっちきかく,p,,,,
トップリード,,,とっぷりーど,u,,,,
アームストロング,,,あーむすとろんぐ,u,,,,
とにかく明るい安村,,,とにかくあかるいやすむら,p,1982年3月15日,,,
くり,,,くり,p,1981年8月4日,,,
どぶろっく,,,どぶろっく,u,,,,
トム・ブラウン,,,とむぶらうん,u,,,,
トレンディエンジェル,,,とれんでぃえんじぇる,u,,,,
とろサーモン,,,とろさーもん,u,,,,
ナイツ,,,ないつ,u,,,,
ナオユキ,,,なおゆき,p,,,,
ニッポンの社長,,,にっぽんのしゃちょう,u,,,,
にゃんこスター,,,にゃんこすたー,u,,,,
ネゴシックス,,,ねごしっくす,p,,,,
ネルソンズ,,,ねるそんず,u,,,,
パーパー,,,ぱーぱー,u,,,,
ほしのディスコ,,,ほしのでぃすこ,p,1989年10月23日,,,
パーパーほしのディスコ,,,ぱーぱーほしのでぃすこ,p,,,ほしのディスコ,
あいなぷぅ,,,あいなぷぅ,p,1994年2月4日,,,
バイきんぐ,,,ばいきんぐ,u,,,,
バカリズム,,,ばかりずむ,p,,,,
バッテリィズ,,,ばってりぃず,u,,,,
バッファロー吾郎,,,ばっふぁろーごろう,u,,,,
バッファロー吾郎A,,,ばっふぁろーごろうえー,p,1970年11月24日,,,
バッファロー吾郎 木村,,,ばっふぁろーごろうきむら,p,,,バッファロー吾郎A,
竹若元博,,,たけわかもとひろ,p,1970年8月12日,,,
ハナコ,,,はなこ,u,,,,
バナナマン,,,ばななまん,u,,,,
パペットマペット,,,ぱぺっとまぺっと,p,,,,
ハマカーン,,,はまかーん,u,,,,
ハリウッドザコシショウ,,,はりうっどざこししょう,p,,,,
ハリガネロック,,,はりがねろっく,u,,,,
ハリセンボン,,,はりせんぼん,u,,,,
パンクブーブー,,,ぱんくぶーぶー,u,,,,
バンビーノ,,,ばんびーの,u,,,,
ピース,,,ぴーす,u,,,,
ビスケットブラザーズ,,,びすけっとぶらざーず,u,,,,
ヒューマン中村,,,ひゅーまんなかむら,p,,,,
ヒロシ,,,ひろし,p,,,,
ファイヤーサンダー,,,ふぁいやーさんだー,u,,,,
フットボールアワー,,,ふっとぼーるあわー,u,,,,
ブラックマヨネーズ,,,ぶらっくまよねーず,u,,,,
藤原しおり,,,ふじわらしおり,p,,,,
ブルゾンちえみ,,,ぶるぞんちえみ,p,,,藤原しおり,
ベルナルド,,,べるなるど,u,,,,
ハギノリザードマン,,,はぎのりざーどまん,p,1984年4月15日,,,
大将,,,たいしょう,p,1984年04月27日,,,
星田英利,,,ほしだひでとし,p,,,,
ほっしゃん。,,,ほっしゃん,p,,,星田英利,
ますだおかだ,,,ますだおかだ,u,,,,
マンプクトリオ,,,まんぷくとりお,u,,,,
マツモトクラブ,,,まつもとくらぶ,p,1976年06月08日,,,
もじゃ,,,もじゃ,p,1981年04月19日,,,
しゃばぞう,,,しゃばぞう,p,1974年07月07日,,,
ママタルト,,,ままたると,u,,,,
マユリカ,,,まゆりか,u,,,,
ミキ,,,みき,u,,,,
デニッシュ,,,でにっしゅ,u,,,,
ミヤシタガク,,,みやしたがく,p,1978年11月12日,,,
中村シュフ,,,なかむらしゅふ,p,1979年7月19日,,,
ミルクボーイ,,,みるくぼーい,u,,,,
メイプル超合金,,,めいぷるちょうごうきん,u,,,,
メルヘン須長,,,めるへんすなが,p,,,,
モグライダー,,,もぐらいだー,u,,,,
もも,,,もも,u,,,,
ヤーレンズ,,,やーれんず,u,,,,
やさしいズ,,,やさしいず,u,,,,
やまもとまさみ,,,やまもとまさみ,p,,,,
や団,,,やだん,u,,,,
ゆにばーす,,,ゆにばーす,u,,,,
ゆりやんレトリィバァ,,,ゆりやんれとりぃばぁ,p,1990年11月01日,,,
ヨネダ2000,,,よねだにせん,u,2020年04月01日,,,
愛,,,あい,p,1996年09月19日,,,
誠,,,まこと,p,1999年03月25日,,,
ライス,,,らいす,u,,,,
ライセンス,,,らいせんす,u,,,,
ラバーガール,,,らばーがーる,u,,,,
ラブレターズ,,,らぶれたーず,u,,,,
りあるキッズ,,,りあるきっず,u,,,,
リンゴスター,,,りんごすたー,u,,,,
レイザーラモン,,,れいざーらもん,u,,,,
HG,,,えいちじー,p,1975年12月18日,,,
RG,,,あーるじー,p,1974年6月8日,,,
レイザーラモンRG,,,れいざーらもんあーるじー,p,,,RG,
レインボー,,,れいんぼー,u,,,,
ロッチ,,,ろっち,u,,,,
ロバート,,,ろばーと,u,,,,
ロビンフット,,,ろびんふっと,u,,,,
おぐ,,,おぐ,p,1976年5月5日,,,
マー坊,,,まーぼう,p,1976年3月28日,,,
ロングコートダディ,,,ろんぐこーとだでぃ,u,,,,
ワタリ119,,,わたりいちいちきゅう,p,,,,
わらふぢなるお,,,わらふぢなるお,u,,,,
囲碁将棋,,,いごしょうぎ,u,,,,
井上マー,,,いのうえまー,p,,,,
芋洗坂係長,,,いもあらいざかかかりちょう,p,,,,
横澤夏子,,,よこさわなつこ,p,1990年07月20日,,,
河邑ミク,,,かわむらみく,p,,,,
我人祥太,,,がじんしょうた,p,,,,
街裏ぴんく,,,まちうらぴんく,p,,,,
岸学,,,きしまなぶ,p,,,,
鬼ヶ島,,,おにがしま,u,2007年7月,,,
アイアム野田,,,あいあむのだ,p,1977年7月12日,,,
おおかわら,,,おおかわら,p,1977年5月31日,,,
アイアム和田,,,あいあむわだ,p,1978年8月17日,,,
最高の人間,,,さいこうのにんげん,u,,,,
吉住,,,よしずみ,p,1989年11月12日,,,
岡野陽一,,,おかのよういち,p,1981年11月29日,,,
巨匠,,,きょしょう,u,,,,
本田和之,,,ほんだかずゆき,p,1987年12月8日,,,
金の国,,,きんのくに,u,,,,
渡部おにぎり,,,わたべおにぎり,p,1994年8月14日,,,
金の国 渡部おにぎり,,,きんのくにわたべおにぎり,p,,,渡部おにぎり,
桃沢健輔,,,ももざわけんすけ,p,1993年3月25日,,,
銀シャリ,,,ぎんしゃり,u,,,,
空気階段,,,くうきかいだん,u,,,,
桂三若,,,かつらさんじゃく,p,,,,
ジャリズム,,,じゃりずむ,u,,,,
桂三度,,,かつらさんど,p,1969年8月27日,,,
世界のナベアツ,,,せかいのなべあつ,p,,,桂三度,
インタビューマン山下,,,いたびゅーまんやました,p,1968年10月29日,,,
犬の心,,,いぬのこころ,u,,,,
元祖いちごちゃん,,,がんそいちごちゃん,u,,,,
厚切りジェイソン,,,あつぎりじぇいそん,p,,,,
高田ぽる子,,,たかだぽるこ,p,,,,
佐久間一行,,,さくまかずゆき,p,,,,
三浦マイルド,,,みうらまいるど,p,,,,
三拍子,,,さんびょうし,u,,,,
寺田寛明,,,てらだひろあき,p,,,,
磁石,,,じしゃく,u,,,,
守谷日和,,,もりやびより,p,,,,
夙川アトム,,,しゅくがわあとむ,p,,,,
小森園ひろし,,,こもりぞのひろし,p,,,,
小島よしお,,,こじまよしお,p,,,,
笑い飯,,,わらいめし,u,,,,
笑福亭松喬,,,しょうふくていしょきょう,p,,,,
笑福亭三喬,,,しょうふくていさんきょう,p,,,笑福亭松喬,
森本サイダー,,,もりもとさいだー,p,,,,
真空ジェシカ,,,しんくうじぇしか,u,,,,
陣内智則,,,じんないとものり,p,,,,
アキ,,,あき,p,,,,
水玉れっぷう隊 アキ,,,みずたまれっぷうたいあき,p,,,アキ,
青色1号,,,あおいろいちごう,u,,,,
石出奈々子,,,いしでななこ,p,,,,
千鳥,,,ちどり,u,,,,
大悟,,,だいご,p,1980年3月25日,,,
千鳥 大悟,,,ちどりだいご,p,,,大悟,
ノブ,,,のぶ,p,1979年12月30日,,,
麒麟,,,きりん,u,,,,
川島明,,,かわしまあきら,p,1979年2月3日,,,
田村裕,,,たむらひろし,p,1979年9月3日,,,
相席スタート,,,あいせきすたーと,u,,,,
霜降り明星,,,しもふりみょうじょう,u,,,,
せいや,,,せいや,p,1992年09月13日,,,
霜降り明星 せいや,,,しもふりみょうじょうせいや,p,,,せいや,
粗品,,,そしな,p,1993年01月07日,,,
霜降り明星 粗品,,,しもふりみょうじょうそしな,p,,,粗品,
大谷健太,,,おおたにけんた,p,,,,
大輪教授,,,おおわきょうじゅ,p,,,,
滝音,,,たきおん,u,,,,
男性ブランコ,,,だんせいぶらんこ,u,,,,
中山功太,,,なかやまこうた,p,,,,
中山女子短期大学,,,なかやまじょしたんきだいがく,p,,,,
中川家,,,なかがわけ,u,,,,
なおき,,,なおき,p,,,,
中田なおき,,,なかたなおき,p,,,なおき,
長州小力,,,ちょうしゅうこりき,p,,,,
鳥居みゆき,,,とりいみゆき,p,,,,
天竺鼠,,,てんじくねずみ,u,,,,
田上よしえ,,,たのうえよしえ,p,,,,
田津原理音,,,たづはらりおん,p,,,,
土屋,,,つちや,p,,,,
土肥ポン太,,,どひぽんた,p,,,,
東京03,,,とうきょうぜろさん,u,,,,
東京ダイナマイト,,,とうきょうだいなまいと,u,,,,
東京ホテイソン,,,とうきょうほていそん,u,,,,
チュートリアル,,,ちゅーとりある,u,,,,
徳井義実,,,とくいよしみ,p,1975年04月16日,,,
福田充徳,,,ふくだみつのり,p,1975年08月11日,,,
南海キャンディーズ,,,なんかいきゃんでぃーず,u,,,,
南野やじ,,,みなみのやじ,p,,,,
馬鹿よ貴方は,,,ばかよあなたは,u,,,,
博多華丸・大吉,,,はかたはなまるだいきち,u,,,,
華丸マル・大吉,,,はなまるまるだいきち,u,,,博多華丸・大吉,
博多華丸,,,はかたはなまる,p,1970年04月08日,,,
博多大吉,,,はかただいきち,p,1971年03月10日,,,
品川庄司,,,しながわしょうじ,u,,,,
風藤松原,,,ふうとうまつばら,u,,,,
変ホ長調,,,へんほちょうちょう,u,2005年9月1日,,,
彼方さとみ,,,かなたさとみ,p,1970年4月1日,,,
小田ひとみ,,,おだひとみ,p,1965年2月24日,,,
夜ふかしの会,,,よふかしのかい,u,,,,
鬼頭真也,,,きとうしんや,p,1978年5月8日,,,
大重わたる,,,おおしげわたる,p,1982年2月6日,,,
原慎一,,,はらしんいち,p,1982年11月7日,,,
砂川禎一郎,,,すながわていいちろう,p,1981年9月24日,,,
三宅十空,,,みやけそら,p,1979年6月20日,,,
友近,,,ともちか,p,,,,
高本剛志,,,たかもとたけし,p,,,,
雷ジャクソン高本,,,かみなりじゃくそんたかもと,p,,,高本剛志,
流れ星☆,,,ながれぼし,u,,,,
流れ星,,,ながれぼし,u,,,流れ星☆,
隣人,,,りんじん,u,,,,
令和ロマン,,,れいわろまん,u,,,,
魔人無骨,,,まじんぶこつ,u,,,令和ロマン,
和牛,,,わぎゅう,u,,,,
濱田祐太郎,,,はまだゆうたろう,p,,,,
家族チャーハン,,,かぞくちゃーはん,u,,,,
天才ピアニスト,,,てんさいぴあにすと,u,,,,
Gパンパンダ,,,じーぱんぱんだ,u,,,,
金魚番長,,,きんぎょばんちょう,u,,,,
ソマオ・ミートボール,,,そまおみーとぼーる,p,,,,
フースーヤ,,,ふーすーや,u,,,,
ハマノとヘンミ,,,はまのとへんみ,u,,,,
ぐろう,,,ぐろう,u,,,,
フランスピアノ,,,ふらんすぴあの,u,,,,
ぎょねこ,,,ぎょねこ,u,,,,
ダブルヒガシ,,,だぶるひがし,u,,,,
素敵じゃないか,,,すてきじゃないか,u,,,,
サスペンダーズ,,,さすぺんだーず,u,,,,
ハイツ友の会,,,はいつとものかい,u,,,,
オフローズ,,,おふろーず,u,,,,
ドーナツ・ピーナツ,,,どーなつぴーなつ,u,,,,
ハノーバー,,,はのーばー,u,,,,
さすらいラビー,,,さすらいらびー,u,,,,
パンプキンポテトフライ,,,ぱんぷきんぽてとふらい,u,,,,
チェリー大作戦,,,ちぇりーだいさくせん,u,,,,
世間知らズ,,,せけんしらず,u,,,,
ベルサイユ,,,べるさいゆ,p,,,,
華山,,,かざん,u,,,,
エンペラー,,,えんぺらー,u,,,華山,
宮下草薙,,,みやしたくさなぎ,u,,,,
ネイビーズアフロ,,,ねいびーずあふろ,u,,,,
四千頭身,,,よんせんとうしん,u,,,,
ジャイアントジャイアン,,,じゃいあんとじゃいあん,u,,,,
シンレンサイ,,,しんれんさい,u,,,,
THE GREATEST HITS,,,ざぐれいてすとひっつ,u,,,シンレンサイ,
ツートライブ,,,つーとらいぶ,u,,,,
大自然,,,だいしぜん,u,,,,
アイロンヘッド,,,あいろんへっど,u,,,,
尼神インター,,,あまこういんたー,u,,,,
ゆーびーむ☆,,,ゆーびーむ,p,,,,
ガリバートンネル,,,がりばーとんねる,u,,,,
たかまつなな,,,たかまつなな,p,,,,
プラス・マイナス,,,ぷらすまいなす,u,,,,
プラスマイナス,,,ぷらすまいなす,u,,,プラス・マイナス,
シャドウ岩橋,,,しゃどういわはし,p,1978年8月12日,,,
プラスマイナス岩橋,,,ぷらすまいなすいわはし,p,,,シャドウ岩橋,
兼光タカシ,,,かねみつたかし,p,1978年11月10日,,,
パップコーン,,,ぱっぷこーん,u,,,,
たくろう,,,たくろう,u,,,,
畑英之,,,はたひでゆき,p,,,,
さんだる,,,さんだる,u,,,,
ザ・パーフェクト,,,ざぱーふぇくと,u,,,,
9番街レトロ,,,きゅうばんがいれとろ,u,,,,
ダニエルズ,,,だにえるず,u,,,,
モシモシ,,,もしもし,u,,,,
4000年に一度咲く金指,,,よんせんねんにいちどさくかなさし,p,,,,
TCクラクション,,,てぃーしーくらくしょん,u,,,,
竹内ズ,,,たけうちず,u,,,,
ネギゴリラ,,,ねぎごりら,u,,,,
ハナイチゴ,,,はないちご,u,,,,
オドるキネマ,,,おどるきねま,u,2020年7月7日,,,
南翔太,,,みなみしょうた,p,1996年11月13日,,,
やわら,,,やわら,u,2015年4月1日,,,
りゅうたろう,,,りゅうたろう,p,1992年06月26日,,,
ドラゴン,,,どらごん,u,,,,
山内仁平,,,やまうちじんぺい,p,1996年06月03日,,,
鈴木バイダン,,,すずきばいだん,p,1991年12月02日,,,
10億円,,,じゅうおくえん,u,,,,
永見諒太,,,ながみりょうた,p,1995年03月05日,,,
大王,,,だいおう,u,2025年04月01日,,,
渡辺ポット,,,わたなべぽっと,p,1995年04月26日,,,
インテイク,,,いんていく,u,,,,
ツンツクツン万博,,,つんつくつんばんぱく,u,,,,
群青団地,,,ぐんじょうだんち,u,,,,
徳原旅行,,,とくはらりょこう,u,,,,
まんじゅう大帝国,,,まんじゅうだいていこく,u,,,,
ナイチンゲールダンス,,,ないちんげーるだんす,u,,,,
スタミナパン,,,すたみなぱん,u,,,,
キャプテンバイソン,,,きゃぷてんばいそん,u,,,,
ポテトカレッジ,,,ぽてとかれっじ,u,,,,
えびしゃ,,,えびしゃ,u,,,,
ネコニスズ,,,ねこにすず,u,,,,
金澤TKCファクトリー,,,かなざわてぃーけーしーふぁくとりー,p,,,,
豆鉄砲,,,まめでっぽう,u,,,,
サルベース,,,さるべーす,u,,,,
二代目ちくわぶ,,,にだいめちくわぶ,p,,,,
ヒガ2000,,,ひがにせん,p,,,,
レインマンズ,,,れいんまんず,u,,,,
エル・カブキ,,,えるかぶき,u,,,,
Yes-man,,,いえすまん,u,,,,
タナからイケダ,,,たなからいけだ,u,,,,
スーパーニュウニュウ,,,すーぱーにゅうにゅう,u,,,,
ロビンソンズ,,,ろびんそんず,u,,,,
アインシュタイン,,,あいんしゅたいん,u,,,,
トット,,,とっと,u,,,,
勝又：,,,かつまた,u,,,,
Aマッソ,,,えーまっそ,u,2010年4月1日,,,
加納,,,かのう,p,1989年2月21日,,,
むらきゃみ,,,むらきゃみ,p,1988年6月16日,,,
パーマ大佐,,,ぱーまたいさ,p,,,,
てんしとあくま,,,てんしとあくま,u,,,,
天使と悪魔,,,てんしとあくま,u,,,てんしとあくま,
ヒガシ逢ウサカ,,,ひがしおうさか,u,,,,
蟹々々エミ,,,かにがにがにえみ,p,,,,
堀川絵美,,,ほりかわえみ,p,,,蟹々々エミ,
ジュリエッタ,,,じゅりえった,u,,,,
カーネーション,,,かーねーしょん,u,,,,
THIS IS パン,,,でぃすいずぱん,u,,,カーネーション,
吉田結衣,,,よしだゆい,p,1989年3月17日,,,
岡下雅典,,,おかしたまさのり,p,1986年8月13日,,,
シンクロック,,,しんくろっく,u,,,,
木尾モデル,,,きおもでる,p,1985年11月13日,,,
ねこ屋敷,,,ねこやしき,u,,,,
百恵,,,ももえ,u,2016年01月30日,,,
モンローズ,,,もんろーず,u,,,百恵,
マエノリュウタ,,,まえのりゅうた,p,1992年11月29日,,,
宮本勇気,,,みやもとゆうき,p,1991年02月23日,,,
スパイシーガーリック,,,すぱいしーがーりっく,u,,,,
パーティーパーティー,,,ぱーてぃーぱーてぃー,u,,,,
紅しょうが,,,べにしょうが,u,,,,
オダウエダ,,,おだうえだ,u,,,,
プール,,,ぷーる,u,,,,
いろはラムネ,,,いろはらむね,u,,,,
軟水,,,なんすい,u,,,,
ラビットラ,,,らびっとら,u,,,,
オーサカクレオパトラ,,,おーさかくれおぱとら,u,,,,
マイスイートメモリーズ,,,まいすいーとめもりーず,u,,,,
豪快キャプテン,,,ごうかいきゃぷてん,u,,,,
生姜猫,,,しょうがねこ,u,,,,
湘南デストラーデ,,,しょうなんですとらーで,u,,,,
ANZEN漫才,,,あんぜんまんざい,u,,,,
ペンギンズ,,,ぺんぎんず,u,,,,
カントリーズ,,,かんとりーず,u,,,,
ガクヅケ,,,がくづけ,u,,,,
ギフト☆矢野,,,ぎふとやの,p,,,,
ぼる塾,1,4人時,ぼるじゅく,u,2019年4月1日,,,
ぼる塾,,3人時,ぼるじゅく,u,2019年4月1日,,,
きりやはるか,,,きりやはるか,p,1995年01月28日,,,
酒寄希望,,,さかよりのぞみ,p,1988年04月16日,,,
あんり,,,あんり,p,1994年10月07日,,,
田辺智加,,,たなべちか,p,1983年10月18日,,,
カラタチ,,,からたち,u,,,,
きしたかの,,,きしたかの,u,,,,
春とヒコーキ,,,はるとひこーき,u,,,,
怪奇！YesどんぐりRPG,,,かいきいえすどんぐりあーるぴーじー,u,2018年8月1日,,,
どんぐりたけし,,,どんぐりたけし,p,1992年08月27日,,,
サツマカワRPG,,,さつまかわあーるぴーじー,p,1991年01月26日,,,
Yes!アキト,,,いえすあきと,p,1990年06月11日,,,
ロボドカーン,,,ろぼどかーん,u,2024年07月21日,,,
トゥリオ,,,とぅりお,u,,,,
ストレッチーズ,,,すとれっちーず,u,,,,
福島敏貴,,,ふくしまとしき,p,1992年03月19日,,,
高木貫太,,,たかぎかんた,p,1991年07月24日,,,
ひつじねいり,,,ひつじねいり,u,,,,
松村祥維,,,まつむらよしつな,p,,,,
細田祥平,,,ほそだしょうへい,p,,,,
頭虚偽罪,,,あたまきょぎざい,u,,,,
こたけ正義感,,,こたけせいぎかん,p,1986年05月12日,,,
鬼としみちゃむ,,,おにとしみちゃむ,u,,,,
シンクロニシティ,,,しんくろにしてぃ,u,,,,
今夜も星が綺麗,,,こんやもほしがきれい,u,,,,
ヒロ・オクムラ,,,ひろおくむら,p,1989年7月13日,,,
三福エンターテイメント,,,みふくえんたーていめんと,p,1983年1月19日,,,
ザンゼンジ,,,ざんぜんじ,u,,,,
武田裕司,,,たけだゆうじ,p,1984年7月10日,,,
例えば炎,,,たとえばほのお,u,,,,
イチゴ,,,いちご,u,,,,
おおぞらモード,,,おおぞらもーど,u,2019年11月02日,,,
もりスみか,,,もりすみか,p,1994年01月13日,,,
長山アカリップ,,,ながやまあかりっぷ,p,1994年01月08日,,,
おミュータンツ,,,おみゅーたんつ,u,,,,
喫茶ムーン,,,きっさむーん,u,,,,
十九人,,,じゅうきゅうにん,u,,,,
ドンデコルテ,,,どんでこるて,u,,,,
ぎょうぶ,,,ぎょうぶ,u,,,,
ヘンダーソン,,,へんだーそん,u,,,,
20世紀,,,にじゅっせいき,u,,,,
ケビンス,,,けびんす,u,,,,
タイムキーパー,,,たいむきーぱー,u,,,,
祇園,,,ぎおん,u,,,,
アーリアン,,,あーりあん,u,,,,
ゆったり感,,,ゆったりかん,u,,,,
我が家,,,わがや,u,,,,
いけばな教室,,,いけばなきょうしつ,u,,,,
ガスマスクガール,,,がすますくがーる,u,,,,
志ん茶,,,しんちゃ,u,,,,
スマイル,,,すまいる,u,,,,
ソラシド,,,そらしど,u,,,,
なりきんショージ,,,なりきんしょーじ,u,,,,
ヘッドライト,,,へっどらいと,u,,,,
ミサイルマン,,,みさいるまん,u,,,,
レモンティー,,,れもんてぃー,u,,,,
朝倉小松崎,,,あさくらこまつざき,u,,,,
オリエンタルラジオ,,,おりえんたるらじお,u,,,,
上々軍団,,,じょうじょうぐんだん,u,,,,
Wエンジン,,,だぶるえんじん,u,,,,
ダブルネーム,,,だぶるねーむ,u,,,,
チャド・マレーン,,,ちゃどまれーん,u,,,,
ジパング上陸作戦,,,じぱんぐじょうりくさくせん,u,,,チャド・マレーン,
てんぐ,,,てんぐ,u,,,,
天狗,,,てんぐ,u,,,てんぐ,
ハイキングウォーキング,,,はいきんぐうぉーきんぐ,u,,,,
ポテト少年団,,,ぽてとしょうねんだん,u,,,,
メメ,,,めめ,u,,,,
ラフ・コントロール,,,らふこんとろーる,u,,,,
ロシアンモンキー,,,ろしあんもんきー,u,,,,
イシバシハザマ,,,いしばしはざま,u,,,,
クロンモロン,,,くろんもろん,u,,,,
ケツカッチン,,,けつかっちん,u,,,,
スペースゴリラ,,,すぺーすごりら,u,,,,
天津,,,てんしん,u,,,,
ノンスモーキン,,,のんすもーきん,u,,,,
パプア。,,,ぱぷあ,u,,,,
髭男爵,,,ひげだんしゃく,u,,,,
響,,,ひびき,u,,,,
ヤング,,,やんぐ,u,,,,
ぷくぷく隊,,,ぷくぷくたい,u,,,ヤング,
ブレーメン,,,ぶれーめん,u,,,,
ベリー・ベリー,,,べりーべりー,u,,,,
マシンガンズ,,,ましんがんず,u,,,,
ものいい,,,ものいい,u,,,,
えんにち,,,えんにち,u,,,,
大脇里村ゼミナール,,,おおわきさとむらぜみなーる,u,,,,
アイスクリーム,,,あいすくりーむ,u,,,,
勝山梶,,,かつやまかじ,u,,,アイスクリーム,
ムーディ勝山,,,むーでぃかつやま,p,1980年06月11日,,,
梶剛,,,かじつよし,p,1981年03月28日,,,
座長座長,,,ざちょうざちょう,u,,,,
小籔千豊,,,こやぶかずとよ,p,1973年09月11日,,,
川畑泰史,,,かわばたやすし,p,1967年06月22日,,,
サブマごり押し,,,さぶまごりおし,u,,,,
キャン×キャン,,,きゃんきゃん,u,,,,
高校デビュー,,,こうこうでびゅー,u,,,,
span!,,,すぱん,u,,,,
ゼミナールキッチン,,,ぜみなーるきっちん,u,,,,
超新塾,,,ちょうしんじゅく,u,,,,
なすなかにし,,,なすなかにし,u,,,,
はだか電球,,,はだかでんきゅう,u,,,,
ハム,,,はむ,u,,,,
ヒカリゴケ,,,ひかりごけ,u,,,,
平成ノブシコブシ,,,へいせいのぶしこぶし,u,,,,
BODY,,,ぼでぃ,u,,,,
まえだまえだ,,,まえだまえだ,u,,,,
カリカ,,,かりか,u,,,,
カルパチーノ,,,かるぱちーの,u,,,,
5番6番,,,ごばんろくばん,u,,,,
ストレートタイム,,,すとれーとたいむ,u,,,,
なんばよこやま,,,なんばよこやま,u,,,,
難波横山,,,なんばよこやま,u,,,なんばよこやま,
日刊ナンセンス,,,にっかんなんせんす,u,,,,
バッドボーイズ,,,ばっどぼーいず,u,,,,
ビッキーズ,,,びっきーず,u,,,,
ボルトボルズ,,,ぼるとぼるず,u,,,,
ルサンチマン,,,るさんちまん,u,,,,
レアレア,,,れあれあ,u,,,,
ロザン,,,ろざん,u,,,,
アップダウン,,,あっぷだうん,u,,,,
庵。,,,いおり,u,,,,
庵,,,いおり,u,,,庵。,
ガブ＆ぴーち,,,がぶあんどぴーち,u,,,,
シェーン！,,,しぇーん,u,,,,
コア,,,こあ,u,,,シェーン！,
ザ・たっち,,,ざたっち,u,,,,
さんだあず,,,さんだあず,u,,,,
飛石連休,,,とびいしれんきゅう,u,,,,
鼻エンジン,,,はなえんじん,u,,,,
レム色,,,れむいろ,u,,,,
青空,,漫才コンビ,あおぞら,u,,,,
スーパーZ,,,すーぱーぜっと,u,,,,
ストリーク,,,すとりーく,u,,,,
安田大サーカス,,,やすだだいさーかす,u,,,,
ランディーズ,,,らんでぃーず,u,,,,
レギュラー,,,れぎゅらー,u,,,,
イー☆リャン,,,いーりゃん,u,,,,
オオカミ少年,,,おおかみしょうねん,u,,,,
Over Drive,,,おーばーどらいぶ,u,,,,
クワバタオハラ,,,くわばたおはら,u,,,,
さくらんぼブービー,,,さくらんぼぶーびー,u,,,,
18KIN,,,じゅうはちきん,u,,,,
ツインズ,,,ついんず,u,,,,
プー＆ムー,,,ぷーあんどむー,u,,,,
ルート33,,,るーとさんじゅうさん,u,,,,
うがじん,,,うがじん,u,,,,
おしどり,,,おしどり,u,,,,
サカイスト,,,さかいすと,u,,,,
シンパシー,,,しんぱしー,u,,,,
せんたくばさみ,,,せんたくばさみ,u,,,,
チャイルドマシーン,,,ちゃいるどましーん,u,,,,
デカメロン,,,でかめろん,u,,,,
トライアングル,,,とらいあんぐる,u,,,,
どりあんず,,,どりあんず,u,,,,
ミルククラウン,,,みるくくらうん,u,,,,
村本本田,,,むらもとほんだ,u,,,,
ユキコミキ,,,ゆきこみき,u,,,,
四次元ナイフ,,,よじげんないふ,u,,,,
レイカーズ,,,れいかーず,u,,,,
ブラザース,,,ぶらざーす,u,,,,
Bコース,,,びーこーす,u,,,,
おはよう。,,,おはよう,u,,,,
線香花火,,,せんこうはなび,u,,,,
少年ギャング,,,しょうねんぎゃんぐ,u,,,,
ママ・レンジ,,,ままれんじ,u,,,,
ママレンジ,,,ままれんじ,u,,,ママ・レンジ,
シュガーライフ,,,しゅがーらいふ,u,,,,
ババリア,,,ばばりあ,u,,,,
花鳥風月,,,かちょうふうげつ,u,,,,
イザベルとベネ,,,いざべるとべね,u,,,,
ペナルティ,,,ぺなるてぃ,u,,,,
ニブンノゴ！,,,にぶんのご,u,,,,
石田・花子,,,いしだはなこ,u,,,,
はりけ〜んず,,,はりけーんず,u,,,,
ザ・ぼんち,,,ざぼんち,u,,,,
相性はいいよね,,,あいしょうはいいよね,u,,,,
イノシカチョウ,,,いのしかちょう,u,,,,
オニイチャン,,,おにいちゃん,u,,,,
さんぽ,,,さんぽ,u,,,,
スクールゾーン,,,すくーるぞーん,u,,,,
破壊ありがとう,,,はかいありがとう,u,,,,
リバーマン,,,りばーまん,u,,,,
気になるあの娘,,,きになるあのこ,u,,,,
スクラップス,,,すくらっぷす,u,,,,
ブラゴーリ,,,ぶらごーり,u,2014年04月01日,,,
塚田裕輝,,,つかだゆうき,p,1990年05月06日,,,
大ちゃん,2,ブラゴーリのメンバー,だいちゃん,p,1991年05月31日,,,
かたつむり,,,かたつむり,u,,,,
シカゴ実業,,,しかごじつぎょう,u,,,,
都トム,,,ととむ,u,,,,
連合稽古,,,れんごうけいこ,u,,,,
5GAP,,,ふぁいぶぎゃっぷ,u,,,,
ヤギとひつじ,,,やぎとひつじ,u,,,,
銀河ゆめゆめ,,,ぎんがゆめゆめ,u,,,,
サンシャイン,,,さんしゃいん,u,,,銀河ゆめゆめ,
いかすぜジョナサン,,,いかすぜじょなさん,u,,,,
阿佐ヶ谷姉妹,,,あさがやしまい,u,2007年10月,,,
渡辺江里子,,,わたなべえりこ,p,1972年7月15日,,,
木村美穂,,,きむらみほ,p,1973年11月15日,,,
Groovy Rubbish,,,ぐるーゔぃーらびっしゅ,u,,,,
高校ズ,,,こうこうず,u,,,,
ななめ45°,,,ななめよんじゅうごど,u,,,,
モダンタイムス,,,もだんたいむす,u,,,,
アンゲラー,,,あんげらー,u,,,,
卯月,,,うづき,u,,,,
ザ・マミィ,,,ざまみぃ,u,,,,
林田洋平,,,はやしだようへい,p,1992年09月10日,,,
酒井貴士,,,さかいたかし,p,1991年06月01日,,,
大仰天,,,だいぎょうてん,u,2019年4月1日,,,
木場事変,,,こばじへん,p,1993年12月07日,,,
田口優斗,,,たぐちゆうと,p,1994年06月04日,,,
ダブルブッキング,,,だぶるぶっきんぐ,u,,,,
インスタントジョンソン,,,いんすたんとじょんそん,u,,,,
キュンキュンパフェ,,,きゅんきゅんぱふぇ,u,,,,
グランジ,,,ぐらんじ,u,,,,
シンプル,,,しんぷる,u,,,,
恋愛小説家,,,れんあいしょうせつか,u,,,シンプル,
ずん,,,ずん,u,,,,
たんぽぽ,,,たんぽぽ,u,,,,
チャーミング,,,ちゃーみんぐ,u,,,,
ニッチェ,,,にっちぇ,u,2005年5月1日,,,
江上敬子,,,えのうえけいこ,p,1984年9月17日,,,
近藤くみこ,,,こんどうくみこ,p,1983年1月4日,,,
ムニムニヤエバ,,,むにむにやえば,u,,,,
やさしい雨,,,やさしいあめ,u,,,,
おかずクラブ,,,おかずくらぶ,u,2010年,,,
オカリナ,,,おかりな,p,1984年09月28日,,,
ゆいP,,,ゆいぴー,p,1986年04月28日,,,
かっぽんかっぽん,,,かっぽんかっぽん,u,,,,
こりゃめでてーな,,,こりゃめでてーな,u,,,,
スパローズ,,,すぱろーず,u,,,,
ツィンテル,,,つぃんてる,u,,,,
ビーフケーキ,,,びーふけーき,u,,,,
ヒデヨシ,,,ひでよし,u,,,,
ブロードキャスト！！,,,ぶろーどきゃすと,u,,,,
ブロードキャスト,,,ぶろーどきゃすと,u,,,ブロードキャスト！！,
マラソンズ,,,まらそんず,u,,,,
ゆんぼだんぷ,,,ゆんぼだんぷ,u,,,,
ロマン峠,,,ろまんとうげ,u,,,,
アナクロニスティック,,,あなくろにすてぃっく,u,,,,
イブンカ,,,いぶんか,u,,,,
キャベツ確認中,,,きゃべつかくにんちゅう,u,,,,
クラスメイト,,,くらすめいと,u,,,,
シャカ,,,しゃか,u,,,,
スパイク,,,すぱいく,u,2009年4月1日,,,
松浦志穂,,,まつうらしほ,p,1984年06月13日,,,
小川暖奈,,,おがわはるな,p,1990年02月07日,,,
日本エレキテル連合,,,にっぽんえれきてるれんごう,u,,,,
ねじ,,,ねじ,u,,,,
パンサー,,,ぱんさー,u,,,,
アンダーポイント,,,あんだーぽいんと,u,,,,
イシクラノオノ,,,いしくらのおの,u,,,,
エネルギー,,,えねるぎー,u,,,,
キサラギ,,,きさらぎ,u,,,,
3フランシスコ,,,さんふらんしすこ,u,,,,
ジューシーズ,,,じゅーしーず,u,,,,
シロハタ,,,しろはた,u,,,,
弾丸ジャッキー,,,だんがんじゃっきー,u,,,,
ピレニーズ,,,ぴれにーず,u,,,,
本田兄妹,,,ほんだきょうだい,u,,,,
ワルステルダム,,,わるすてるだむ,u,,,,
がっつきたいか,,,がっつきたいか,u,,,,
ジプシーダンス,,,じぷしーだんす,u,,,,
ピテカントロプス,,,ぴてかんとろぷす,u,,,,
からあげディスコ,,,からあげでぃすこ,u,,,,
ザ・ゴールデンゴールデン,,,ざごーるでんごーるでん,u,,,,
シンボルタワー,,,しんぼるたわー,u,,,,
ZEN,,,ぜん,u,,,,
禅,,,ぜん,u,,,ZEN,
ジンカーズ,,,じんかーず,u,,,,
水玉れっぷう隊,,,みずたまれっぷうたい,u,,,,
ムートン,,,むーとん,u,,,,
回転ハッスル,,,かいてんはっする,u,,,,
ロシアン生まれ,,,ろしあんうまれ,u,,,ヤングウッズ,
アストロNエース,,,あすとろえぬえーす,u,,,,
アンジャッシュ,,,あんじゃっしゅ,u,,,,
オテンキ,,,おてんき,u,,,,
ガリットチュウ,,,がりっとちゅう,u,,,,
ケチン・ダ・コチン,,,けちんだこちん,u,,,,
ザ・フライ,,,ざふらい,u,,,,
どきどきキャンプ,,,どきどききゃんぷ,u,,,,
ドレッドノート,,,どれっどのーと,u,,,,
フラミンゴ,,,ふらみんご,u,,,,
ゆうきたけし,,,ゆうきたけし,u,,,,
大黒天,,,だいこくてん,u,,,,
83幕府,,,はちさんばくふ,u,,,,
イワイガワ,,,いわいがわ,u,,,,
ワチュワナドゥ,,,わちゅわなどぅ,u,,,,
ザ・アンモナイト,,,ざあんもないと,u,,,ワチュワナドゥ,
さかなDVD,,,さかなでぃーぶいでぃー,u,,,,
ドランクドラゴン,,,どらんくどらごん,u,,,,
にゅ〜くれ〜ぷ,,,にゅーくれーぷ,u,,,,
ポラロイドマガジン,,,ぽらろいどまがじん,u,,,にゅ〜くれ〜ぷ,
野性爆弾,,,やせいばくだん,u,,,,
くっきー！,,,くっきー,p,1976年03月12日,,,
野性爆弾 川島,,,やせいばくだんかわしま,p,,,くっきー！,
ロッシー,,,ろっしー,p,1975年04月06日,,,
D・N・A,,,でぃーえぬえー,u,,,,
DA-DA,,,だだ,u,,,,
カリントウ,,,かりんとう,u,,,,
かりんとう,,,かりんとう,u,,,カリントウ,
カレー,,,かれー,u,,,,
ザ・マンモス,,,ざまんもす,u,,,,
シャングリラ,,,しゃんぐりら,u,,,,
はんにゃ.,,,はんにゃ,u,,,,
はんにゃ,,,はんにゃ,u,,,はんにゃ.,
ビーグル38,,,びーぐるさんじゅうはち,u,,,,
ファミリーレストラン,,,ふぁみりーれすとらん,u,,,,
ジャンクション,,,じゃんくしょん,u,,,ファミリーレストラン,
フルーツポンチ,,,ふるーつぽんち,u,,,,
三日月トリオ,,,みかづきとりお,u,,,,
森三中,,,もりさんちゅう,u,,,,
FUJIWARA,,,ふじわら,u,,,,
オキシジェン,,,おきしじぇん,u,,,,
キンデルダイク,,,きんでるだいく,u,,,,
ジョイマン,,,じょいまん,u,,,,
スペースラジオ,,,すぺーすらじお,u,,,,
パニーニ,,,ぱにーに,u,,,,
フォーリンラブ,,,ふぉーりんらぶ,u,,,,
次長課長,,,じちょうかちょう,u,,,,
タチマチ,,,たちまち,u,,,,
ラメ入り,,,らめいり,u,,,,
ハスキーポーズ,,,はすきーぽーず,u,,,,
釈迦虎,,,しゃかとら,u,,,,
彼岸花,,,ひがんばな,u,,,,
マーティー,,,まーてぃー,u,,,,
センリーズ,,,せんりーず,u,,,,
オーパスツー,,,おーぱすつー,u,,,,
ライムギ,,,らいむぎ,u,,,,
チューリップフィクサー,,,ちゅーりっぷふぃくさー,u,,,,
空前メテオ,,,くうまえめてお,u,,,,
マーメイド,,,まーめいど,u,,,,
カシスオレンジ,,,かしすおれんじ,u,,,,
ザ・布団,,,ざぶとん,u,,,,
牛ぺぺ,,,ぎゅうぺぺ,u,,,,
愛凛冴,,,ありさ,u,,,,
三遊間,,,さんゆうかん,u,,,,
黒帯,,,くろおび,u,,,,
ツーナッカン,,,つーなっかん,u,,,,
母心,,,ははごころ,u,,,,
LLR,,,えるえるあーる,u,,,,
ショウショウ,,,しょうしょう,u,,,,
ドドん,,,どどん,u,,,,
アモーン,,,あもーん,u,,,,
山下ギャンブルゴリラ,,,やましたぎゃんぶるごりら,p,,,,
べーやん,,,べーやん,p,,,,
しげ,,,しげ,p,,,,
木本悠斗,,,きもとゆうと,p,,,,
安達周平,,,あだちしゅうへい,p,,,,
胡内佑介,,,こうちゆうすけ,p,,,,
うに,,,うに,p,,,,
静流,,,しずる,p,,,,
竹内知咲,,,たけうちちさき,p,,,,
ますみ,,,ますみ,p,,,,
ただただし,,,ただただし,p,,,,
リキライス,,,りきらいす,p,,,,
ナベ,,,なべ,p,,,,
せめる。,,,せめる,p,,,,
まもる。,,,まもる,p,,,,
にこらす,,,にこらす,p,,,,
やすい,,,やすい,p,,,,
岡本峻,,,おかもとしゅん,p,,,,
久保バトル泰志,,,くぼばとるたいし,p,,,,
宗安聖,,,むねやすせい,p,,,,
ねんど,,,ねんど,p,,,,
田中雄大,,,たなかゆうた,p,,,,
坂本拓馬,,,さかもとたくま,p,,,,
澤畑健二,,,さわはたけんじ,p,,,,
為国,,,ためくに,p,,,,
真平,,,しんぺい,p,,,,
ホソ,,,ほそ,p,,,,
東良介,,,ひがしりょうすけ,p,,,,
大東翔生,,,おおひがししょうい,p,,,,
鬼沢さん,,,きざわさん,p,,,,
しみちゃむ,,,しみちゃむ,p,,,,
テコンドー近藤,,,てこんどーこんどう,p,,,,
きたしろ,,,きたしろ,p,,,,
しんじょう,,,しんじょう,p,,,,
大ちゃん,,オーパスツーのメンバー,だいちゃん,p,,,,
田上,,,たのうえ,p,,,,
タキノルイ,,,たきのるい,p,,,,
赤木裕,,,あかぎゆう,p,,,,
きむらバンド,,,きむらばんど,p,,,,
カンサイ,,,かんさい,p,,,,
ケージュ,,,けーじゅ,p,,,,
川﨑,,,かわさき,p,,,,
れんぺい,,,れんぺい,p,,,,
なつみ,,,なつみ,p,,,,
シゲカズです,,,しげかずです,p,,,,
白桃ピーチよぴぴ,,,はくとうぴーちよぴぴ,p,,,,
はじり,,,はじり,p,,,,
みながわ,,,みながわ,p,,,,
茶屋,,,ちゃや,p,,,,
大門正尚,,,おおかどまさなお,p,,,,
テクニック。,,,てくにっく,p,,,,
田村境祐,,,たむらきょうすけ,p,,,,
仲本新,,,なかもとあらた,p,,,,
ポッポ,,,ぽっぽ,p,,,,
ドーナツ,,,どーなつ,p,,,,
ピーナツ,,,ぴーなつ,p,,,,
江原,,,えばら,p,,,,
TNB,,,てぃえぬびぃ,p,,,,
谷口理,,,たにぐちおさむ,p,,,,
田中ショータイム,,,たなかしょーたいむ,p,,,,
ゆたか,,,ゆたか,p,,,,
おねえちゃん,,,おねえちゃん,p,,,,
まついあきら,,,まついあきら,p,,,,
ひでき,,,ひでき,p,,,,
花谷豊,,,はなたにゆたか,p,,,,
トランスフォーム福田,,,とらんすふぉーむふくだ,p,,,,
橋本市民球場,,,はしもとしみんきゅうじょう,p,,,,
中村遊直,,,なかむらしょーとらいなー,p,,,,
玲二,,,れいじ,p,,,,
横山,,,よこやま,p,,,,
さくらい,,,さくらい,p,,,,
稲継諒,,,いなつぐりょう,p,,,,
てらうち,,,てらうち,p,,,,
大西進,,,おおにしすすむ,p,,,,
浜田順平,,,はまだじゅんぺい,p,,,,
ゆうじろー,,,ゆうじろー,p,,,,
福本ユウショウ,,,ふくもとゆうしょう,p,,,,
兎,,,うさぎ,p,,,,
堂前透,,,どうまえとおる,p,,,,
東健太郎,,,あずまけんたろう,p,,,,
ホセ,,,ほせ,p,,,,
ゆッちゃんw,,,ゆっちゃん,p,,,,
松永勝忢,,,まつながまさとし,p,,,,
トシダタカヒデ,,,としだたかひで,p,,,,
麻婆,,,まーぼー,p,,,,
伊藤俊介,,,いとうしゅんすけ,p,,,,
畠中悠,,,はたなかゆう,p,,,,
大山和也,,,おおやまかずや,p,,,,
前田壮太,,,まえだそうた,p,,,,
渡辺銀次,,,わたなべぎんじ,p,,,,
小橋共作,,,こばしきょうさく,p,,,,
大鶴肥満,,,おおつるひまん,p,,,,
檜原洋平,,,ひわらようへい,p,,,,
江頭,,,えがしら,p,,,,
大石,,,おおいし,p,,,,
きむ,,,きむ,p,,,,
田渕章裕,,,たぶちあきひろ,p,,,,
寺家,,,じけ,p,,,,
エース,,,えーす,p,,,,
古市勇介,,,ふるいちゆうすけ,p,,,,
箕輪智征,,,みのわともゆき,p,,,,
平井まさあき,,,ひらいまさあき,p,,,,
浦井のりひろ,,,うらいのりひろ,p,,,,
中谷,,,なかたに,p,,,,
阪本,,,さかもと,p,,,,
秋定遼太郎,,,あきさだりょうたろう,p,,,,
さすけ,,,さすけ,p,,,,
ヤス,,,やす,p,,,,
中野なかるてぃん,,,なかのなかるてぃん,p,,,,
原田フニャオ,,,はらだふにゃお,p,,,,
大原優一,,,おおはらゆういち,p,,,,
出井隼之介,,,でいじゅんのすけ,p,,,,
楢原真樹,,,ならはらまさき,p,,,,
吉本拓,,,よしもとたく,p,,,,
吉本大,,,よしもとだい,p,,,,
川北茂澄,,,かわきたしげと,p,,,,
ガク,,,がく,p,,,,
脇田,,,わきた,p,,,,
浜中英昌,,,はまなかひでまさ,p,,,,
町田和樹,,,まちだかずき,p,,,,
佐々木隆史,,,ささきたかふみ,p,,,,
松井ケムリ,,,まついけむり,p,,,,
髙比良くるま,,,たかひらくるま,p,,,,
みちお,,,みちお,p,,,,
布川ひろき,,,ぬのかわひろき,p,,,,
カンフーカンフー,,,かんふーかんふー,u,,,,
チェン,,,ちぇん,p,,,,
キムリョンス,,,きむりょんす,p,,,,
茜250cc,,,あかねにひゃくごじゅうしーしー,u,,,,
小泉,,,こいずみ,p,,,,
善家カズマサ,,,ぜんけかずまさ,p,,,,
タレンチ,,,たれんち,u,,,,
コバタユウ,,,こばたゆう,p,,,,
芝田大輝,,,しばただいき,p,,,,
駐輪ガム,,,ちゅうりんがむ,u,,,,
南,,,みなみ,p,,,,
トランクス,,,とらんくす,p,,,,
帝国チーズグラタン,,,ていこくちーずぐらたん,u,,,,
さかけん,,,さかけん,p,,,,
きのしたさとし,,,きのしたさとし,p,,,,
涼風,,,すずかぜ,u,,,,
2000000000000京,,,にちょうけい,p,,,,
松尾だいち,,,まつおだいち,p,,,,
家村涼太,,,いえむらりょうた,p,,,,
高松巧,,,たかまつたくみ,p,,,,
いつもたいしゃ,,,いつもたいしゃ,u,,,,
黒田,,,くろだ,p,,,,
シンジ君,,,しんじくん,p,,,,
イチオク,,,いちおく,u,,,,
ないすケン,,,ないすけん,p,,,,
タケヤ,,,たけや,p,,,,
スナフキンズ,,,すなふきんず,u,,,,
朝地亮介,,,あさじりょうすけ,p,,,,
松永ボディ,,,まつながぼでぃ,p,,,,
ヤマシタマキシ,,,やましたまきし,u,,,,
やました,,,やました,p,,,,
真輝志,,,まきし,p,,,,
青空,1,からし蓮根のメンバー,そら,p,,,,
伊織ラッキー,,,いおりらっきー,p,,,,
セルライトスパ,,,せるらいとすぱ,u,2009年4月1日,,,
大須賀健剛,,,おおすかけんごう,p,1984年06月01日,,,
セルライトスパ 大須賀,,,せるらいとすぱおおすか,p,,,大須賀健剛,
肥後裕之,,,ひごひろゆき,p,1985年05月31日,,,
昴生,,,こうせい,p,,,,
亜生,,,あせい,p,,,,
りえちゃん,,,りえちゃん,p,,,,
かつのぶさん,,,かつのぶさん,p,,,,
ひらかわ,,,ひらかわ,p,,,,
きむきむ,,,きむきむ,p,,,,
デルマパンゲ,,,でるまぱんげ,u,,,,
広木英介,,,ひろきえいすけ,p,,,,
迫田篤,,,さこだあつし,p,,,,
TOKYO COOL,,,とーきょうくーる,u,,,,
前すすむ,,,まえすすむ,p,,,,
カンカン,,,かんかん,p,,,,
アズーロ24,,,あずーろにじゅうよん,u,,,,
平賀笙馬,,,ひらがそうま,p,,,,
加藤祐樹,,,かとうゆうき,p,,,,
熊元プロレス,,,くまもとぷろれす,p,,,,
稲田美紀,,,いなだみき,p,,,,
マウンテンブック,,,まうんてんぶっく,u,,,,
山本ゆずき,,,やまもとゆずき,p,1982年4月6日,,,
山本いずみ,,,やまもといずみ,p,1982年8月28日,,,
ハッピーエンド,,,はっぴーえんど,u,,,,
田中慎之介,,,たなかしんのすけ,p,1982年9月27日,,,
123☆45,,,いずみよーこ,u,2009年01月13日,,,
ヨーコ,,,よーこ,p,1979年11月08日,,,
EXIT,,,いぐじっと,u,,,,
兼近大樹,,,かねちかだいき,p,,,,
りんたろー。,,,りんたろー,p,,,,
宇野慎太郎,,,うのしんたろう,p,,,,
中田和伸,,,なかだかずのぶ,p,,,,
きつね日和,,,きつねびより,u,,,,
松本昌大,,,まつもとまさひろ,p,,,,
おいなり達也,,,おいなりたつや,p,,,,
木田,,,きだ,p,,,,
船引亮佑,,,ふなびきりょうすけ,p,,,,
マリーマリー,,,まりーまりー,u,,,,
えびちゃん,,,えびちゃん,p,,,,
タコス,,,たこす,p,,,,
じぐざぐ,,,じぐざぐ,u,,,,
阿部未来,,,あべまさき,p,,,,
ジャンプ,,,じゃんぷ,p,,,,
明賀愛貴,,,みょうがあいき,p,,,,
カンノコレクション,,,かんのこれくしょん,p,,,,
宮崎駿介,,,みやざきしゅんすけ,p,,,,
岸大将,,,きしたいすけ,p,,,,
高野正成,,,たかのまさなり,p,,,,
トンツカタン,,,とんつかたん,u,2013年05月,,,
櫻田佑,,,さくらだたすく,p,1989年09月04日,,,
お抹茶,,,おまっちゃ,p,1989年09月26日,,,
トンツカタンお抹茶,,,とんつかたんおまっちゃ,p,,,お抹茶,
森本晋太郎,,,もりもとしんたろう,p,1990年01月09日,,,
キンボシ,,,きんぼし,u,,,,
有宗先生,,,ありむねせんせい,p,,,,
西田淳裕,,,にしだあつひろ,p,,,,
戦慄のピーカブー,,,せんりつのぴーかぶー,u,,,,
渋木プロテインおやじ,,,しぶきぷろていんおやじ,p,,,,
いしはらあゆむ,,,いしはらあゆむ,p,,,,
カナメストーン,,,かなめすとーん,u,,,,
零士,,,れいじ,p,,,,
山口誠,,,やまぐちまこと,p,,,,
椎木ゆうた,,,しいきゆうた,p,,,,
さおり,,,さおり,p,,,,
ちゃんぴおんず,,,ちゃんぴおんず,u,,,,
大ちゃん,1,ちゃんぴおんずのメンバー,だいちゃん,p,,,,
日本一おもしろい大崎,,,にほんいちおもしろいおおさき,p,,,,
西野創人,,,にしのそうと,p,,,,
ナダル,,,なだる,p,,,,
ショーゴ,,,しょーご,p,,,,
たける,,,たける,p,,,,
渡辺翔太,,,わたなべしょうた,p,,,,
杉昇,,,すぎのぼる,p,,,,
舘野忠臣,,,たてのただおみ,p,,,,
ヤマゲン,,,やまげん,p,,,,
坂本NO.1,,,さかもとなんばーわん,p,,,,
古家曇天,,,ふるやどんてん,p,,,,
益田康平,,,ますだこうへい,p,,,,
タバやん。,,,たばやん,p,,,,
川瀬名人,,,かわせめいじん,p,,,,
はら,,,はら,p,,,,
原田泰雅,,,はらだたいが,p,,,,
きん,,,きん,p,,,,
ラパルフェ,,,らぱるふぇ,u,2018年04月01日,,,
尾身智志,,,おみさとし,p,1994年07月10日,,,
都留拓也,,,つるたくや,p,1994年06月03日,,,
ラパルフェ 都留,,,らぱるふぇつる,p,,,都留拓也,
池田直人,,,いけだなおと,p,,,,
ジャンボたかお,,,じゃんぼたかお,p,,,,
よしおか,,,よしおか,p,,,,
西野諒太郎,,,にしのりょうたろう,p,,,,
ぱろぱろ,,,ぱろぱろ,u,,,,
わだあきや,,,わだあきや,p,,,,
大久保健,,,おおくぼけん,p,,,,
無尽蔵,,,むじんぞう,u,,,,
やまぎわ,,,やまぎわ,p,,,,
野尻,,,のじり,p,,,,
夕げ,,,ゆうげ,u,,,,
石井,,夕げのメンバー,いしい,p,,,,
鈴木マキアート,,,すずきまきあーと,p,,,,
ボブのコーラ,,,ぼぶのこーら,u,,,,
とあ,,,とあ,p,,,,
本田たかお,,,ほんだたかお,p,,,,
ヤッホイ,,,やっほい,u,,,,
永井,,,ながい,p,2000年8月8日,,,
泉,,,いずみ,p,2000年4月5日,,,
パパパスタ!?,,,ぱぱぱすた,u,,,,
惹女香花,,,ひきめかぎばな,p,2001年12月7日,,,
鶴亀,,,つるかめ,u,,,,
古賀充泰,,,こがみつひろ,p,,,,
舟生,,,ふにゅう,p,,,,
なにわスワンキーズ,,,なにわすわんきーず,u,2013年2月1日,,,
こじまラテ,,,こじまらて,p,1983年11月21日,,,
じゅんぺぇ,,,じゅんぺぇ,p,1989年03月07日,,,
シモリュウ,,,しもりゅう,u,2023年07月01日,,,
前田龍二,,,まえだりゅうじ,p,1988年05月20日,,,
シモタ,,,しもた,p,1993年05月15日,,,
コウテイ,,,こうてい,u,2013年4月1日,,,
九条ジョー,,,くじょうじょー,p,1993年05月15日,,,
ともやっぷ,,,ともやっぷ,p,,,,
折田智久,,,おりたともひさ,p,,,,
松山弘樹,,,まつやまひろき,p,,,,
スロッピ,,,すろっぴ,u,,,,
ななえ,,,ななえ,p,,,,
松間サタデー,,,まつまさたでー,p,,,,
つるまる,,,つるまる,p,,,,
大川内聡,,,おおかわうちさとし,p,,,,
石橋遼大,,,いしばしりょうだい,p,,,,
後藤拓実,,,ごとうたくみ,p,,,,
都築拓紀,,,つづきひろき,p,,,,
ヨーヘー,,,よーへー,p,,,,
なかがわりょう,,,なかがわりょう,p,,,,
ワラバランス,,,わらばらんす,u,,,,
宮崎,,,みやざき,p,,,,
盛田シンプルイズベスト,,,もりたしんぷるいずべすと,p,,,,
植田紫帆,,,うえだしほ,p,,,,
小田結希,,,おだゆうき,p,,,,
デニス,,,でにす,u,,,,
松下宣夫,,,まつしたのぶお,p,,,,
植野行雄,,,うえのゆきお,p,,,,
おとうふ,,,おとうふ,u,,,,
山中伸之,,,やまなかのぶゆき,p,,,,
武藤バブルス,,,むとうばぶるす,p,,,,
吉野晋右,,,よしのしんすけ,p,,,,
柏木成彦,,,かしわぎなるひこ,p,,,,
ロジャー,,,ろじゃー,p,,,,
しんちゃん,,,しんちゃん,p,,,,
とらふぐ,,,とらふぐ,u,,,,
田畑祐一,,,たばたゆういち,p,1984年4月10日,,,
阿部直也,,,あべなおや,p,1989年03月09日,,,
田畑藤本,,,たばたふじもと,u,,,,
藤本淳史,,,ふじもとあつし,p,1984年4月3日,,,
桑原雅人,,,くわはらまさと,p,,,,
多田智佑,,,ただともひろ,p,,,,
山口コンボイ,,,やまぐちこんぼい,p,,,,
仁木恭平,,,にききょうへい,p,,,,
ふぢわら,,,ふぢわら,p,,,,
口笛なるお,,,くちぶえなるお,p,,,,
中川ひちゃゆき,,,なかがわひちゃゆき,p,,,,
山本プロ野球,,,やまもとぷろやきゅう,p,,,,
乙女ブレンド,,,おとめぶれんど,u,,,,
イツキ,,,いつき,p,,,,
アソヌマ,,,あそぬま,p,,,,
ナユタ,,,なゆた,u,,,,
ホリコシ,,,ほりこし,p,,,,
おのはら,,,おのはら,p,,,,
ネイチャーバーガー,,,ねいちゃーばーがー,u,,,,
笹本はやて,,,ささもとはやて,p,,,,
三浦リョースケ,,,みうらりょーすけ,p,,,,
コーツ,,,こーつ,u,,,,
永田敬介,,,ながたけいすけ,p,,,,
栗原,,,くりはら,p,,,,
ケツ,,,けつ,p,,,,
辻皓平,,,つじこうへい,p,,,,
まぐろ兄弟,,,まぐろきょうだい,u,,,,
ぶつえん,,,ぶつえん,p,,,,
アライちゃん,,,あらいちゃん,p,,,,
鈴木龍平,,,すずきりゅうへい,p,,,,
まえかず,,,まえかず,p,,,,
イクト,,,いくと,p,,,,
木原優一,,,きはらゆういち,p,,,,
清水誠,,,しみずまこと,p,,,,
ぴろ,,,ぴろ,p,,,,
ウイスキーカノン,,,ういすきーかのん,u,2019年05月01日,,,
ササカ,,,ささか,p,1996年11月27日,,,
山田敬弘,,,やまだたかひろ,p,1996年06月21日,,,
盆と正月,,,ぼんとしょうがつ,u,2021年03月01日,,,
橋爪アキラ,,,はしづめあきら,p,1989年09月28日,,,
ほしあられ,,,ほしあられ,p,1990年09月08日,,,
ボニーボニー,,,ぼにーぼにー,u,2015年03月01日,,,
バリーとくのしん,,,ばりーとくのしん,p,1994年08月29日,,,
花崎天神,,,はなざきてんじん,p,1989年04月25日,,,
ヤングタウン,,,やんぐたうん,u,2018年08月01日,,,
福島暢啓,,,ふくしまのぶひろ,p,1987年02月06日,,,
錦笑亭満堂,,,きんしょうていまんどう,p,1983年12月31日,,,
三遊亭こうもり,,,さんゆうていこうもり,p,,,錦笑亭満堂,
ムギ,,,むぎ,p,1992年08月26日,,,
純吉,,,じゅんきち,p,1991年11月21日,,,
関本,,,せきもと,p,1993年09月22日,,,
櫻井健一朗,,,さくらいけんいちろう,p,1984年06月18日,,,
木﨑太郎,,,きざきたろう,p,1985年12月27日,,,
周平魂,,,しゅうへいだましい,p,1983年09月11日,,,
たかのり,,,たかのり,p,1984年04月11日,,,
清水香奈芽,,,しみずかなめ,p,1997年08月02日,,,
西野,,,にしの,p,1992年08月01日,,,
らぶらいken,,,らぶらいけん,u,2023年4月1日,,,
らぶおじさん,,,らぶおじさん,p,1988年08月15日,,,
今井らいぱち,,,いまいらいぱち,p,1987年04月06日,,,
kento fukaya,,,けんとふかや,p,1989年09月10日,,,
中村フー,,,なかむらふー,p,1987年08月21日,,,
子安裕樹,,,こやすゆうき,p,1986年07月28日,,,
さや香,,,さやか,u,,,,
石井,1,さや香のメンバー,いしい,p,1988年05月28日,,,
新山,,,にいやま,p,1991年10月17日,,,
さや香 新山,,,さやかにいやま,p,,,新山,
めっちゃ最高ズ,,,めっちゃさいこうず,u,2021年09月01日,,,
おばた最高,,,おばたさいこう,p,1998年5月16日,,,
めっちゃむつみ,,,めっちゃむつみ,p,,,,
太田隆司,,,おおたりゅうじ,p,1987年08月08日,,,
有馬徹,,,ありまとおる,p,1987年12月25日,,,
松本竹馬,,,まつもとたけうま,p,1989年08月31日,,,
市川刺身,,,いちかわさしみ,p,1989年12月27日,,,
まちるだ,,,まちるだ,u,2019年12月15日,,,
マチルダ,,,まちるだ,u,,,まちるだ,
スナイパーグチヤマ,,,すないぱーぐちやま,p,1988年05月25日,,,
広永陸,,,ひろながりく,p,1988年07月09日,,,
ヤングウッズ,,,やんぐうっず,u,2011年6月1日,,,
山城,,,やましろ,p,1986年09月30日,,,
人間横丁,,,にんげんよこちょう,u,2020年06月29日,,,
内田紅多,,,うちだべえた,p,1997年03月15日,,,
山田蒼士朗,,,やまだそうしろう,p,1999年07月23日,,,
春組織,,,はるそしき,u,2015年07月15日,,,
新垣6,,,しんがきしっくす,p,1996年07月09日,,,
具志堅,,,ぐしけん,p,1996年12月20日,,,
ダウ90000,,8人組,だうきゅうまん,u,,,,
ダウ90000,1,M-1出場時,だうきゅうまん,u,,,,
蓮見翔,,,はすみしょう,p,1997年04月08日,,,
園田祥太,,,そのだしょうた,p,1998年03月02日,,,
忽那文香,,,くつなあやか,p,1999年04月10日,,,
飯原僚也,,,いはらりょうや,p,1998年06月02日,,,
吉原怜那,,,よしはられな,p,2001年02月22日,,,
道上珠妃,,,みちがみたまき,p,1998年10月02日,,,
中島百依子,,,なかしまもえこ,p,1999年08月21日,,,
上原佑太,,,うえはらゆうた,p,1998年10月06日,,,
1000,,,せん,u,2023年7月31日,,,
4000,,,よんせん,u,2024年12月15日,,,
6000,,,ろくせん,u,2024年12月15日,,,
忘れる。,,,わすれる,u,2019年3月21日,,,
鶴山侑一,,,つるやまゆういち,p,1985年08月13日,,,
橋本ン。,,,はしもとん,p,1982年08月04日,,,
ふるやいなや,,,ふるやいなや,p,1988年02月19日,,,
ミカボ,,,みかぼ,u,2021年05月01日,,,
土屋翼,,,つちやつばさ,p,1995年05月07日,,,
山田裕磨,,,やまだゆうま,p,1994年12月13日,,,
谷拓哉,,,たにたくや,p,1992年01月07日,,,
カムバック,,,かむばっく,p,1991年08月20日,,,
すゑひろがりず,,,すえひろがりず,u,,,,
みなみのしま,,,みなみのしま,u,,,すゑひろがりず,
南條庄助,,,なんじょうしょうすけ,p,1982年06月03日,,,
すゑひろがりず南條,,,すえひろがりずなんじょう,p,,,南條庄助,
三島達矢,,,みしまたつや,p,1982年10月02日,,,
バルチック艦隊,,,ばるちっくかんたい,u,,,,
小畑陽治,,,おばたようじ,p,1985年02月05日,,,
サバンナ,,,さばんな,u,,,,
高橋茂雄,,,たかはししげお,p,1976年01月28日,,,
八木真澄,,,やぎますみ,p,1974年08月04日,,,
ザ☆健康ボーイズ,,,ざけんこうぼーいず,u,,,,
なかやまきんに君,,,なかやまきんにくん,p,1978年09月17日,,,
キャプテン☆ボンバー,,,きゃぷてんぼんばー,p,,,なかやまきんに君,
パーフェクトパワーズ,,,ぱーふぇくとぱわーず,u,2023年7月1日,,,
ケイン・コスギ,,,けいんこすぎ,p,1974年10月11日,,,
きっと君はくるさ,,,きっときみはくるさ,u,2020年11月01日,,,
カルビ,,,かるび,p,1984年11月13日,,,
つづき,,,つづき,p,1985年10月13日,,,
藤田ユウキ,,,ふじたゆうき,p,1985年07月30日,,,
石山タオル,,,いしやまたおる,p,1984年12月20日,,,
Let Me Show You THE まごころ,,,れっとみーしょーゆーざまごころ,u,2021年11月11日,,,
ピボット福田,,,ぴぼっとふくだ,p,2001年09月04日,,,
友田オレ,,,ともだおれ,p,2001年07月20日,,,
あきちゃん,,,あきちゃん,p,1993年05月13日,,,
まぐろ,,,まぐろ,p,1994年08月24日,,,
いけ,,,いけ,p,1992年11月04日,,,
モンスーン,,,もんすーん,u,2010年04月01日,,,
小山英機,,,こやまひでき,p,1990年01月07日,,,
T@TSU,,,たつ,p,1988年11月01日,,,
ともしげ,,,ともしげ,p,1982年05月31日,,,
芝大輔,,,しばだいすけ,p,1983年07月25日,,,
なかむらしゅん,,,なかむらしゅん,p,1994年01月24日,,,
京極風斗,,,きょうごくかざと,p,1995年08月09日,,,
エルフ,,,えるふ,u,2015年05月01日,,,
はる,,,はる,p,1996年06月16日,,,
荒川,,,あらかわ,p,1996年08月30日,,,
オッパショ石,,,おっぱしょいし,u,2015年04月01日,,,
蒲谷ユウキ,,,かばやゆうき,p,1993年05月18日,,,
広田ハヤト,,,ひろたはやと,p,1993年11月07日,,,
河井ゆずる,,,かわいゆずる,p,1980年11月28日,,,
稲田直樹,,,いなだなおき,p,1984年12月28日,,,
いなだなおき,,,いなだなおき,p,,,稲田直樹,
池田勝,,,いけだまさる,p,1981年12月11日,,,
宮澤聡,,,みやざわさとし,p,1984年05月17日,,,
ナポリ,,,なぽり,p,1985年01月10日,,,
辻井亮平,,,つじいりょうへい,p,1985年02月01日,,,
ななまがり,,,ななまがり,u,,,,
初瀬悠太,,,はつせゆうた,p,1986年04月05日,,,
森下直人,,,もりしたなおと,p,1986年05月20日,,,
ななまがり森下,,,ななまがりもりした,p,,,森下直人,
牧野ステテコ,,,まきのすててこ,p,1979年10月14日,,,
まとばゆう,,,まとばゆう,p,1985年6月18日,,,
はなしょー,,,はなしょー,u,2012年11月01日,,,
承子クラーケン,,,しょうこくらーけん,p,1987年6月11日,,,
はな,,,はな,p,1993年5月24日,,,
中村涼子,,,なかむらりょうこ,p,1986年5月6日,,,
押しだしましょう子,,,おしだしましょうこ,p,1984年11月18日,,,
どんぐりぱわーず,,,どんぐりぱわーず,u,2010年4月1日,,,
どんぐりパワーズ,,,どんぐりぱわーず,u,,,どんぐりぱわーず,
ミナコ,,,みなこ,p,1985年06月19日,,,
あいこ,,,あいこ,p,1991年05月09日,,,
合わせみそ,,,あわせみそ,u,,,,
吉田治加,,,よしだはるか,p,1989年1月27日,,,
モンキー・DH・カワタ,,,もんきーでぃーえいちかわた,p,1993年10月25日,,,
あぁ〜しらき,,,あぁーしらき,p,1976年11月21日,,,
根菜キャバレー,,,こんさいきゃばれー,u,2018年8月1日,,,
きったん,,,きったん,p,1990年01月17日,,,
天野舞,,,あまのまい,p,1991年04月16日,,,
3時のヒロイン,,,さんじのひろいん,u,2016年12月20日,,,
ゆめっち,,,ゆめっち,p,1994年11月17日,,,
福田麻貴,,,ふくだまき,p,1988年10月10日,,,
かなで,,,かなで,p,1992年06月10日,,,
そのこ,,,そのこ,p,1981年04月23日,,,
にぼしいわし,,,にぼしいわし,u,2013年4月1日,,,
香空にぼし,,,きょうからにぼし,p,1992年06月13日,,,
伽説いわし,,,ときどきいわし,p,1992年07月02日,,,
ハルカラ,,,はるから,u,2012年,,,
和泉杏,,,いずみきょう,p,1984年4月28日,,,
浜名ランチ,,,はまならんち,p,1985年6月3日,,,
つぼみ大革命,,,つぼみだいかくめい,u,,,,
YUUKA,,,ゆうか,p,1992年8月29日,,,
CHIHIRO,,,ちひろ,p,1994年3月12日,,,
しより,,,しより,p,1994年8月26日,,,
吉岡久美子,,,よしおかくみこ,p,1992年12月24日,,,
樋口みどりこ,,,ひぐちみどりこ,p,1993年1月18日,,,
水森依音,,,みずもりいおん,p,1993年6月25日,,,
恵梨華,,,えりか,p,1992年10月18日,,,
糸原沙也加,,,いとはらさやか,p,1993年2月7日,,,
岡本りん,,,おかもとりん,p,1993年1月5日,,,
TEAM BANANA,,,ちーむばなな,u,2008年,,,
山田愛美,,,やまだまなみ,p,1988年06月28日,,,
藤本友美,,,ふじもとともみ,p,1988年08月15日,,,
ターリーターキー,,,たーりーたーきー,u,2016年05月18日,,,
玉遥香,,,たまはるか,p,1989年8月13日,,,
なみはるか,,,なみはるか,p,1992年5月2日,,,
茶々,,,ちゃちゃ,p,,,,
女ガールズ,,,おんながーるず,u,2019年7月4日,,,
まちこガールズ,,,まちこがーるず,p,1989年11月19日,,,
なっさんオブリベンジ,,,なっさんおぶりべんじ,p,1989年05月29日,,,
あいかガールズ,,,あいかがーるず,p,1998年07月04日,,,
さとなかほがらか,,,さとなかほがらか,p,1993年1月26日,,,
爛々,,,らんらん,u,2017年12月13日,,,
大国麗,,,おおくにうらら,p,1990年09月24日,,,
萌々,,,もも,p,1997年11月28日,,,
フタリシズカ,,,ふたりしずか,u,2016年11月1日,,,
かりこる,,,かりこる,p,1996年7月23日,,,
フタリシズカかりこる,,,ふたりしずかかりこる,p,,,かりこる,
加賀谷秀明,,,かがやひであき,p,1990年6月26日,,,
まいあんつ,,,まいあんつ,p,1989年4月3日,,,
はるかぜに告ぐ,,,はるかぜにつぐ,u,2022年07月19日,,,
花妃,,,はなび,p,1997年01月13日,,,
とんず,,,とんず,p,1998年11月27日,,,
やす子,,,やすこ,p,1998年09月02日,,,
梵天,,,ぼんてん,u,2022年04月01日,,,
薪子,,,まきこ,p,1994年7月20日,,,
しおたむ,,,しおたむ,p,1996年11月23日,,,
忠犬立ハチ高,,,ちゅうけんりつはちこう,u,2014年4月1日,,,
ノムラフッソ,,,のむらふっそ,p,1997年4月13日,,,
王坂,,,おうさか,p,1997年5月15日,,,
レモンコマドリ,,,れもんこまどり,u,2019年04月01日,,,
小野寺ゆき,,,おのでらゆき,p,1994年8月9日,,,
梶原はるな,,,かじわらはるな,p,1998年2月11日,,,
足腰げんき教室,,,あしこしげんききょうしつ,u,2021年04月01日,,,
くろさわ,,,くろさわ,p,1993年7月12日,,,
うちだすぺしゃるはーたみん,,,うちだすぺしゃるはーたみん,p,2000年3月28日,,,
もめんと,,,もめんと,u,2021年6月21日,,,
小口響郁,,,こぐちきょうか,p,1998年9月21日,,,
竹田百花,,,たけだももか,p,1999年3月29日,,,
電気ジュース,,,でんきじゅーす,u,2024年11月22日,,,
福沢葉,,,ふくざわよう,p,2000年10月01日,,,
藤本もふ,,,ふじもともふ,p,1994年12月15日,,,
とんでもあや,,,とんでもあや,p,1975年09月05日,,,
パンツ万博,,,ぱんつばんぱく,u,2024年12月07日,,,
みぎぃ,,,みぎぃ,p,2002年01月03日,,,
飛騨ニョッキ,,,ひだにょっき,p,1998年09月14日,,,
ヤメピ,,,やめぴ,u,2025年8月21日,,,
うかり,,,うかり,p,2000年01月10日,,,
水分スイ,,,すいぶんすい,p,1995年02月09日,,,
カミナリ,,,かみなり,u,2011年4月17日,,,
石田たくみ,,,いしだたくみ,p,1988年07月06日,,,
竹内まなぶ,,,たけうちまなぶ,p,1988年09月16日,,,
蛙亭,,,かえるてい,u,2012年4月1日,,,
中野周平,,,なかのしゅうへい,p,1990年11月20日,,,
イワクラ,,,いわくら,p,1990年04月10日,,,
ぶるファー吉岡,,,ぶるふぁーよしおか,u,2021年09月29日,,,
ルシファー吉岡,,,るしふぁーよしおか,p,1979年10月13日,,,
紺野ぶるま,,,こんのぶるま,p,1986年09月30日,,,
マッハスピード豪速球,,,まっはすぴーどごうそっきゅう,u,2010年11月1日,,,
さかまき,,,さかまき,p,1982年06月30日,,,
ガン太さん,,,がんたさん,p,1984年06月08日,,,
コマンダンテ,,,こまんだんて,u,2008年7月1日,,,
安田ファニー,,,やすだふぁにー,p,1983年10月25日,,,
石井ブレンド,,,いしいぶれんど,p,1984年10月17日,,,
CITY,,,してぃ,u,2025年6月6日,,,
ダイヤモンド,,,だいやもんど,u,2017年07月21日,,,
小野竜輔,,,おのりゅうすけ,p,1990年08月13日,,,
野澤輸出,,,のざわゆしゅつ,p,1986年12月24日,,,
深海魚,,,しんかいぎょ,u,2022年05月22日,,,
ネネ,,,ねね,p,2002年11月30日,,,
竹座,,,たけざ,p,2000年01月01日,,,
入間国際宣言,,,いるまこくさいせんげん,u,2018年07月,,,
千葉ゴウ,,,ちばごう,p,1985年12月21日,,,
西田どらやき,,,にしだどらやき,p,1987年03月06日,,,
演芸おんせん,,,えんげいおんせん,u,2011年10月1日,,,
矢巻駿,,,やまきしゅん,p,1990年06月16日,,,
杉山栄一,,,すぎやまえいいち,p,1987年12月25日,,,
吉田たち,,,よしだたち,u,2007年8月,,,
ゆうへい,,,ゆうへい,p,1987年11月13日,,,
こうへい,,,こうへい,p,1987年11月13日,,,
かもめんたる,,,かもめんたる,u,2007年10月01日,,,
劇団イワサキマキオ,,,げきだんいわさきまきお,u,,,かもめんたる,
岩崎う大,,,いわさきうだい,p,1978年09月18日,,,
槙尾ユウスケ,,,まきおゆうすけ,p,1980年12月05日,,,
ランジャタイ,,,らんじゃたい,u,2007年8月1日,,,
国崎和也,,,くにざきかずや,p,1987年09月03日,,,
伊藤幸司,,,いとうこうじ,p,1985年11月18日,,,
どんちっち,,,どんちっち,u,2019年04月01日,,,
青木智紀,,,あおきともき,p,1995年08月17日,,,
竹岡航太,,,たけおかこうた,p,1995年12月13日,,,
キングブルブリン,,,きんぐぶるぶりん,u,2015年7月1日,,,
田中昭太,,,たなかしょうた,p,1993年01月10日,,,
村上剛,,,むらかみつよし,p,1993年08月27日,,,
生ファラオ,,,なまふぁらお,u,2014年04月01日,,,
東武志,,,あずまたけし,p,1994年10月21日,,,
石川,,,いしかわ,p,1994年06月18日,,,
マルセイユ,,,まるせいゆ,u,2013年10月01日,,,
津田康平,,,つだこうへい,p,1989年03月21日,,,
別府貴之,,,べっぷたかゆき,p,1983年09月23日,,,
ダブルアート,,,だぶるあーと,u,2008年4月1日,,,
タグ,,,たぐ,p,1985年01月22日,,,
真べぇ,,,しんべぇ,p,1984年01月17日,,,
軍艦,,,ぐんかん,u,2021年06月03日,,,
梅野健太郎,,,うめのけんたろう,p,1997年06月03日,,,
仁,,,じん,p,1998年03月10日,,,
見取り図,,,みとりず,u,2007年5月,,,
リリー,,,りりー,p,1984年06月02日,,,
盛山晋太郎,,,もりやましんたろう,p,1986年01月09日,,,
モンスターエンジン,,,もんすたーえんじん,u,2007年4月,,,
大林健二,,,おおばやしけんじ,p,1983年04月06日,,,
西森洋一,,,にしもりよういち,p,1979年01月21日,,,
にのうらご,,,にのうらご,u,2003年9月,,,
荒牧周平,,,あらまきしゅうへい,p,1976年6月29日,,,
骨付きバナナ,,,ほねつきばなな,u,2019年11月26日,,,
うえし,,,うえし,p,1993年06月23日,,,
こうだい,,,こうだい,p,1996年01月05日,,,
金属バット,,,きんぞくばっと,u,2007年4月,,,
友保隼平,,,ともやすしゅんぺい,p,1985年08月11日,,,
小林圭輔,,,こばやしけいすけ,p,1986年03月06日,,,
令和喜多みな実,,,れいわきたみなみ,u,2008年2月1日,,,
プリマ旦那,,,ぷりまだんな,u,,,令和喜多みな実,
コウノ・オブ・ザ・イヤー,,,こうのおぶざいやー,p,1986年10月25日,,,
野村尚平,,,のむらしょうへい,p,1988年04月14日,,,
マリオネットブラザーズ,,,まりおねっとぶらざーず,u,2015年9月1日,,,
井上大生,,,いのうえだいき,p,1994年01月12日,,,
肉汁,,,にくじる,p,1995年02月02日,,,
リニア,,,りにあ,u,2008年7月1日,,,
S×L,,,えすえる,u,,,リニア,
しょうへい,,,しょうへい,p,1986年11月16日,,,
酒井啓太,,,さかいけいた,p,1986年09月11日,,,
ウエストランド,,,うえすとらんど,u,2008年11月1日,,,
河本太,,,こうもとふとし,p,1984年01月25日,,,
井口浩之,,,いぐちひろゆき,p,1983年05月06日,,,
ムネタ,,コンビ名,むねた,u,2016年07月01日,,,
サツキ,,,さつき,u,,,ムネタ,
ムネタ,1,ムネタのメンバー,むねた,p,1986年07月05日,,,
門脇のりや,,,かどわきのりや,p,1985年08月24日,,,
納言,,,なごん,u,2017年1月20日,,,
安部紀克,,,あべよしかつ,p,1992年06月12日,,,
薄幸,,,すすきみゆき,p,1993年01月24日,,,
井下好井,,,いのしたよしい,u,2007年01月01日,,,
好井まさお,,,よしいまさお,p,1984年04月27日,,,
井下大活躍,,,いのしただいかつやく,p,1985年09月18日,,,
ドンココ,,,どんここ,u,2020年07月01日,,,
りゅう,,,りゅう,p,1999年03月18日,,,
ひろ,,,ひろ,p,1996年11月18日,,,
おちもり,,,おちもり,u,2013年01月01日,,,
越智悠介,,,おちゆうすけ,p,1992年10月21日,,,
森佳樹,,,もりよしき,p,1989年08月06日,,,
狛犬,,,こまいぬ,u,2022年07月01日,,,
櫛野,,,くしの,p,1996年03月29日,,,
坂口トラック,,,さかぐちとらっく,p,1994年01月12日,,,
グリーンランプ,,,ぐりーんらんぷ,u,2014年08月04日,,,
今西淳,,,いまにしじゅん,p,1993年09月05日,,,
中村元紀,,,なかむらもとき,p,1990年10月16日,,,
共犯者,,,きょうはんしゃ,u,2020年09月30日,,,
洋平,,,ようへい,p,1999年07月08日,,,
国京,,,くにきょう,p,1997年03月16日,,,
コメジマン,,,こめじまん,u,2020年04月01日,,,
こめる,,,こめる,p,1996年01月03日,,,
かなテイクイットイージー,,,かなていくいっといーじー,p,1995年08月11日,,,
めぞん,,,めぞん,u,2016年06月09日,,,
吉野おいなり君,,,よしのおいなりくん,p,1994年02月03日,,,
原一刻,,,はらいっこく,p,1994年07月22日,,,
マードック,,,まーどっく,u,2019年04月20日,,,
山本龍,,,やまもとりゅう,p,1995年07月21日,,,
ごうはら,,,ごうはら,p,1997年01月27日,,,
ジグロポッカ,,,じぐろぽっか,u,2018年04月01日,,,
山本システム,,,やまもとしすてむ,p,1994年01月17日,,,
りょーぞー,,,りょーぞー,p,1994年08月11日,,,
サンタモニカ,,,さんたもにか,u,2016年09月01日,,,
ポール,,,ぽーる,p,1997年07月10日,,,
マイム,,,まいむ,p,1998年02月17日,,,
ド桜,,,どざくら,u,2023年04月01日,,,
村田大樹,,,むらただいき,p,1994年10月05日,,,
かつやま,,,かつやま,p,1994年04月16日,,,
赤もみじ,,,あかもみじ,u,2016年05月18日,,,
阪田ベーカリー,,,さかたべーかりー,p,1995年12月26日,,,
センチネル,,,せんちねる,u,2020年07月,,,
トミサット,,,とみさっと,p,1993年04月13日,,,
大誠,,,たいせい,p,1993年11月25日,,,
伝書鳩,,,でんしょばと,u,2021年04月01日,,,
がくと,,,がくと,p,2002年01月05日,,,
山田陸斗,,,やまだりくと,p,2001年12月08日,,,
ダダこだま,,,だだこだま,p,2001年09月27日,,,
アルバカーキ,,,あるばかーき,u,2019年04月01日,,,
金子航大,,,かねここうた,p,1998年04月19日,,,
相澤遼,,,あいざわはるか,p,1995年06月15日,,,
観音日和,,,かんのんびより,u,2016年04月01日,,,
工藤弘道,,,くどうひろみち,p,1993年04月21日,,,
築山弘知,,,つきやまひろとも,p,1993年08月13日,,,
イワサキ,,コンビ名,いわさき,u,2021年04月01日,,,
カズ,,,かず,p,1994年06月14日,,,
リュウ,,,りゅう,p,1994年04月27日,,,
フランツ,,,ふらんつ,u,2019年08月01日,,,
馬場健吾,,,ばばけんご,p,1994年07月19日,,,
土岐真太郎,,,ときしんたろう,p,1994年09月21日,,,
湘南ブースト,,,しょうなんぶーすと,u,2025年05月01日,,,
大和芋とろろ,,,やまといもとろろ,p,2002年06月01日,,,
そーし,,,そーし,p,1998年09月19日,,,
ゼロカラン,,,ぜろからん,u,2019年04月01日,,,
ワキユウタ,,,わきゆうた,p,1995年11月10日,,,
たいが,,,たいが,p,1995年06月24日,,,
兄弟,,,きょうだい,u,2021年04月01日,,,
体制,,,たいせい,p,1997年10月10日,,,
紅葉,,,こうよう,p,1999年11月05日,,,
やさしい王様,,,やさしいおうさま,u,2025年05月23日,,,
おーえん,,,おーえん,p,1995年05月23日,,,
岡修行,,,おかなおゆき,p,,,,
一刻,,,いっこく,u,2022年04月01日,,,
まさや,,,まさや,p,1998年10月22日,,,
三野廉太朗,,,みのれんたろう,p,1999年03月25日,,,
グラム,,,ぐらむ,u,2021年06月01日,,,
風戸剛士,,,かざとつよし,p,1999年06月05日,,,
モス,,,もす,p,1996年06月25日,,,
シャウト!!,,,しゃうと,u,2016年08月,,,
サンシャイン池崎,,,さんしゃいんいけざき,p,1981年10月09日,,,
バイク川崎バイク,,,ばいくかわさきばいく,p,1979年12月17日,,,
ピ夜,,,ぴよる,u,2021年04月01日,,,
ピヨルキノシタ,,,ぴよるきのした,p,2002年11月26日,,,
イワサキ,1,ピ夜のメンバー,いわさき,p,2002年06月03日,,,
ゼスト,,,ぜすと,u,2012年10月01日,,,
難波勝芳,,,なんばかつよし,p,1987年08月15日,,,
小野絢也,,,おのじゅんや,p,1987年08月09日,,,
ただならぬ刀,,,ただならぬかたな,u,2025年04月,,,
ビエラ・J・ダニエル,,,びえらじぇいだにえる,p,1998年03月19日,,,
まんたろう,,,まんたろう,p,2001年08月09日,,,
ニゲルベ,,,にげるべ,u,2021年01月01日,,,
つーこ,,,つーこ,p,1991年08月28日,,,
清友,,,きよとも,p,1989年07月01日,,,
風穴あけるズ,,,かざあなあけるず,u,2015年03月03日,,,
ノブヨシ日本代表,,,のぶよしにほんだいひょう,p,1989年12月18日,,,
飛び出せっ！安藤っ！,,,とびだせっあんどうっ,p,1991年03月20日,,,
コブラ,,,こぶら,p,1988年10月28日,,,
ラフ次元,,,らふじげん,u,2006年4月1日,,,
空道太郎,,,そらみちたろう,p,1983年11月19日,,,
梅村賢太郎,,,うめむらけんたろう,p,1981年11月14日,,,
ドリンクバーゲン,,,どりんくばーげん,u,2018年06月01日,,,
西馬陽祐,,,にしうまようすけ,p,,,,
北野靖二,,,きたのやすじ,p,,,,
キャタピラーズ,,,きゃたぴらーず,u,2017年2月6日,,,
もっちゃん,,,もっちゃん,p,1988年06月28日,,,
しげみうどん,,,しげみうどん,p,1989年02月22日,,,
侍スライス,,,さむらいすらいす,u,2017年07月07日,,,
門田,,,かどた,p,1987年12月15日,,,
加藤,,,かとう,p,1987年02月28日,,,
ZUMA,,,ずーま,u,2012年9月1日,,,
鬼塚ひかる,,,おにづかひかる,p,1988年07月17日,,,
しんこだ工務店,,,しんこだこうむてん,p,1987年11月09日,,,
丸亀じゃんご,,,まるがめじゃんご,u,2014年04月01日,,,
北村敏輝,,,きたむらとしき,p,1989年10月31日,,,
安場泰介,,,やすばたいすけ,p,1990年01月02日,,,
ガーベラガーデン,,,がーべらがーでん,u,2007年10月1日,,,
ジッパー,,,じっぱー,p,1983年11月12日,,,
かみうら,,,かみうら,p,1984年12月10日,,,
ランパンプス,,,らんぱんぷす,u,2011年04月,,,
小林良行,,,こばやしよしゆき,p,1990年01月08日,,,
寺内ゆうき,,,てらうちゆうき,p,1987年07月03日,,,
太鵬,,,たいほう,u,2022年03月21日,,,
がえちゃん,,,がえちゃん,p,1994年02月28日,,,
太朗,,,たろう,p,1992年02月05日,,,
ナミダバシ,,,なみだばし,u,2017年7月5日,,,
たくみ,,,たくみ,p,1990年08月14日,,,
ヒコロヒーとみなみかわ,,,ひころひーとみなみかわ,u,2019年,,,
ヒコロヒー,,,ひころひー,p,1989年10月15日,,,
みなみかわ,,,みなみかわ,p,1982年09月28日,,,
ピーマンズスタンダード,,,ぴーまんずすたんだーど,u,2005年7月,,,
吉田寛,,,よしだひろし,p,1979年12月15日,,,
ウォンバット,,,うぉんばっと,u,2013年04月01日,,,
ヤナセ,,,やなせ,p,1990年12月27日,,,
水谷優太,,,みずたにゆうた,p,1991年01月26日,,,
アン縫い,,,あんぬい,u,2020年08月02日,,,
天野裕,,,あまのゆたか,p,1996年11月11日,,,
girl,,,がーる,p,1995年11月19日,,,
ニューヨーク,,,にゅーよーく,u,2010年1月,,,
屋敷裕政,,,やしきひろまさ,p,1986年03月01日,,,
嶋佐和也,,,しまさかずや,p,1986年05月14日,,,
鬼越トマホーク,,,おにごえとまほーく,u,2010年5月,,,
良ちゃん,,,りょうちゃん,p,1985年12月27日,,,
金ちゃん,,,きんちゃん,p,1985年11月06日,,,
ハライチ,,,はらいち,u,2006年4月1日,,,
澤部佑,,,さわべゆう,p,1986年05月19日,,,
岩井勇気,,,いわいゆうき,p,1986年07月31日,,,
ハンジロウ,,,はんじろう,u,2003年04月01日,,,
しゃもじ,,,しゃもじ,u,,,ハンジロウ,
しゅうごパーク,,,しゅうごぱーく,p,1985年03月04日,,,
たーにー,,,たーにー,p,1984年12月27日,,,
ホーム・チーム,,,ほーむちーむ,u,1996年,,,
与座よしあき,,,よざよしあき,p,1976年10月01日,,,
檜山豊,,,ひやまゆたか,p,1976年10月16日,,,
ヨザカリー,,,よざかりー,u,2021年07月01日,,,
人人,,,ちゅちゅ,u,,,ヨザカリー,
アントワネット,,,あんとわねっと,u,2013年4月,,,
生田いく,,,いくたいく,p,1989年04月28日,,,
ブレード・ランナー,,,ぶれーどらんなー,u,2022年07月19日,,,
ざわおオンザマイク,,,ざわおおんざまいく,p,1991年06月23日,,,
車太郎,,,くるまたろう,p,1992年08月12日,,,
爆走マシン,,,ばくそうましん,u,2023年08月08日,,,
坂井宣大,,,さかいのぶひろ,p,1995年05月10日,,,
三日月ヶ浜,,,みかづきがはま,u,2019年8月1日,,,
浜村凡平太,,,はまむらぼんぺいた,p,1984年02月01日,,,
仲嶺巧,,,なかみねたくみ,p,1982年08月16日,,,
又吉隆行,,,またよしたかゆき,p,1982年04月18日,,,
三日月マンハッタン,,,みかづきまんはったん,u,2002年5月,,,
ジャンク,,,じゃんく,u,2018年5月1日,,,
山下瑞生,,,やましたみずき,p,1994年11月01日,,,
小森瑠斗,,,こもりりゅうと,p,1997年10月17日,,,
ラランド,,,ららんど,u,2014年5月5日,,,
ニシダ,,,にしだ,p,1994年07月24日,,,
サーヤ,,,さーや,p,1995年12月13日,,,
アルコ＆ピース,,,あるこあんどぴーす,u,2006年4月10日,,,
酒井健太,,,さかいけんた,p,1983年10月29日,,,
平子祐希,,,ひらこゆうき,p,1978年12月04日,,,
GAG,,,じーえーじー,u,2006年3月1日,,,
GAG少年楽団,,,じーえーじーしょうねんがくだん,u,,,GAG,
宮戸洋行,,,みやとひろゆき,p,1984年08月29日,,,
福井俊太郎,,,ふくいしゅんたろう,p,1980年08月18日,,,
坂本純一,,,さかもとじゅんいち,p,1983年06月07日,,,
錦鯉,,,にしきごい,u,2012年4月1日,,,
渡辺隆,,,わたなべたかし,p,1978年04月15日,,,
長谷川雅紀,,,はせがわまさのり,p,1971年07月30日,,,
ポンループ,,,ぽんるーぷ,u,2017年6月,,,
粗大アミ,,,そだいあみ,p,1992年11月20日,,,
こまってます鈴木,,,こまってますすずき,p,1989年6月24日,,,
ジソンシン,,,じそんしん,u,2013年4月,,,
酒井孝太,,,さかいこうた,p,1983年05月17日,,,
下村啓太,,,しもむらけいた,p,1988年01月29日,,,
翠星チークダンス,,,すいせいちーくだんす,u,2015年4月1日,,,
いなかのくるま,,,いなかのくるま,u,,,翠星チークダンス,
ちろる,,,ちろる,p,1996年06月03日,,,
木佐,,,きさ,p,1996年10月12日,,,
藤崎マーケット,,,ふじさきまーけっと,u,2005年10月,,,
トキ,,,とき,p,1984年12月06日,,,
田崎佑一,,,たさきゆういち,p,1981年01月29日,,,
エージェント,,,えーじぇんと,u,,,,
安房真,,,（調査中）,p,,,,
Dr.ハインリッヒ,,,どくたーはいんりっひ,u,2005年5月,,,
彩,,,あや,p,1981年02月04日,,,
幸,,,みゆき,p,1981年02月05日,,,
ガクテンソク,,,がくてんそく,u,2005年9月1日,,,
学天即,,,がくてんそく,u,,,ガクテンソク,
奥田修二,,,おくだしゅうじ,p,1982年03月03日,,,
よじょう,,,よじょう,p,1981年07月30日,,,
ボーイフレンド,,,ぼーいふれんど,u,2008年4月,,,
宮川英二,,,みやかわえいじ,p,1982年08月05日,,,
まっこん,,,まっこん,p,1982年10月05日,,,
タモンズ,,,たもんず,u,2006年4月,,,
安部浩章,,,あべひろあき,p,1982年05月24日,,,
大波康平,,,おおなみこうへい,p,1982年01月14日,,,
ガッツマン,,,がっつまん,u,2011年10月1日,,,
たっぷり藤原,,,たっぷりふじわら,p,1988年07月15日,,,
ヤマト,,,やまと,p,1989年01月13日,,,
マヂカルラブリー,,,まぢかるらぶりー,u,2007年2月,,,
野田クリスタル,,,のだくりすたる,p,1986年11月28日,,,
マヂカルラブリー野田クリスタル,,,まぢかるらぶりーのだくりすたる,p,,,野田クリスタル,
村上,,,むらかみ,p,1984年10月15日,,,
スーパートマト,,,すーぱーとまと,u,2013年02月01日,,,
岡部大輔,,,おかべだいすけ,p,1983年06月15日,,,
小田島信介,,,おだじましんすけ,p,1984年10月23日,,,
シマッシュレコード,,,しまっしゅれこーど,u,2010年03月,,,
島居俊介,,,しまいしゅんすけ,p,1981年10月27日,,,
嶋田修平,,,しまだしゅうへい,p,1980年09月30日,,,
ブリキカラス,,,ぶりきからす,u,2016年06月01日,,,
小林メロディ,,,こばやしめろでぃ,p,1990年10月22日,,,
黒田和基,,,くろだかずき,p,1991年11月08日,,,
インポッシブル,,,いんぽっしぶる,u,2005年4月,,,
ひるちゃん,,,ひるちゃん,p,1986年04月01日,,,
えいじ,,,えいじ,p,1984年02月17日,,,
三四郎,,,さんしろう,u,2005年5月1日,,,
相田周二,,,あいだしゅうじ,p,1983年05月02日,,,
小宮浩信,,,こみやひろのぶ,p,1983年09月03日,,,
バビロン,,,ばびろん,u,2011年4月1日,,,
千葉ストロガノフ,,,ちばすとろがのふ,p,1982年05月07日,,,
おーちゃん,,,おーちゃん,p,1987年07月07日,,,
ノリ,,,のり,p,1985年06月23日,,,
アーネスト,,,あーねすと,u,2013年3月1日,,,
パーフェクト・ダブル・シュレッダー,,,ぱーふぇくとだぶるしゅれっだー,u,,,アーネスト,
かどちゃん,,,かどちゃん,p,1980年08月05日,,,
わだたかし,,,わだたかし,p,1986年06月20日,,,
コットン,,,こっとん,u,2012年4月2日,,,
ラフレクラン,,,らふれくらん,u,,,コットン,
きょん,,,きょん,p,1987年11月18日,,,
コットン きょん,,,こっとんきょん,p,,,きょん,
西村真二,,,にしむらしんじ,p,1984年06月30日,,,
号泣,,,ごうきゅう,u,1996年,,,
赤岡典明,,,あかおかのりあき,p,1977年07月22日,,,
島田秀平,,,しまだしゅうへい,p,1977年12月05日,,,
ぺこぱ,,,ぺこぱ,u,2008年04月30日,,,
松陰寺太勇,,,しょういんじたいゆう,p,1983年11月09日,,,
シュウペイ,,,しゅうぺい,p,1987年07月16日,,,
笑撃戦隊,,,しょうげきせんたい,u,2007年7月1日,,,
ばし太,,,ばした,p,1984年04月03日,,,
野村辰二,,,のむらしんじ,p,1984年07月27日,,,
スリムクラブ,,,すりむくらぶ,u,2005年2月1日,,,
真栄田賢,,,まえだけん,p,1976年03月01日,,,
スリムクラブ真栄田,,,すりむくらぶまえだ,p,,,真栄田賢,
内間政成,,,うちままさなり,p,1976年06月19日,,,
おいでやすこが,,,おいでやすこが,u,2019年,,,
こがけん,,,こがけん,p,1979年02月14日,,,
おいでやす小田,,,おいでやすおだ,p,1978年07月25日,,,
ういろうプリン,,,ういろうぷりん,u,2007年5月1日,,,
丸山雄史,,,まるやまゆうし,p,1983年08月28日,,,
内間一彰,,,うちまかずあき,p,1983年04月12日,,,
うちまつげ,,,うちまつげ,u,2022年05月,,,
つげ,,,つげ,p,1985年08月10日,,,
ザニーフランク,,,ざにーふらんく,u,,,,
スプリングシュリンプ,,,すぷりんぐしゅりんぷ,u,,,ザニーフランク,
トニーフランク,,,とにーふらんく,p,1979年02月14日,,,
馬と魚,,,うまとさかな,p,,,トニーフランク,
ZAZY,,,ざずぃー,p,1988年06月27日,,,
