comp,year,round_no,match_no,comedian_name,comedian_number,seat_no,score
m1,2024,2,,令和ロマン,,1,1
m1,2024,2,,令和ロマン,,2,0
m1,2024,2,,令和ロマン,,3,0
m1,2024,2,,令和ロマン,,4,0
m1,2024,2,,令和ロマン,,5,1
m1,2024,2,,令和ロマン,,6,1
m1,2024,2,,令和ロマン,,7,1
m1,2024,2,,令和ロマン,,8,1
m1,2024,2,,令和ロマン,,9,0
m1,2024,2,,バッテリィズ,,1,0
m1,2024,2,,バッテリィズ,,2,0
m1,2024,2,,バッテリィズ,,3,1
m1,2024,2,,バッテリィズ,,4,1
m1,2024,2,,バッテリィズ,,5,0
m1,2024,2,,バッテリィズ,,6,0
m1,2024,2,,バッテリィズ,,7,0
m1,2024,2,,バッテリィズ,,8,0
m1,2024,2,,バッテリィズ,,9,1
m1,2024,2,,真空ジェシカ,,1,0
m1,2024,2,,真空ジェシカ,,2,1
m1,2024,2,,真空ジェシカ,,3,0
m1,2024,2,,真空ジェシカ,,4,0
m1,2024,2,,真空ジェシカ,,5,0
m1,2024,2,,真空ジェシカ,,6,0
m1,2024,2,,真空ジェシカ,,7,0
m1,2024,2,,真空ジェシカ,,8,0
m1,2024,2,,真空ジェシカ,,9,0
m1,2024,1,,令和ロマン,,1,96
m1,2024,1,,令和ロマン,,2,93
m1,2024,1,,令和ロマン,,3,90
m1,2024,1,,令和ロマン,,4,94
m1,2024,1,,令和ロマン,,5,96
m1,2024,1,,令和ロマン,,6,96
m1,2024,1,,令和ロマン,,7,95
m1,2024,1,,令和ロマン,,8,97
m1,2024,1,,令和ロマン,,9,93
m1,2024,1,,ヤーレンズ,,1,92
m1,2024,1,,ヤーレンズ,,2,92
m1,2024,1,,ヤーレンズ,,3,91
m1,2024,1,,ヤーレンズ,,4,92
m1,2024,1,,ヤーレンズ,,5,92
m1,2024,1,,ヤーレンズ,,6,91
m1,2024,1,,ヤーレンズ,,7,91
m1,2024,1,,ヤーレンズ,,8,94
m1,2024,1,,ヤーレンズ,,9,90
m1,2024,1,,真空ジェシカ,,1,97
m1,2024,1,,真空ジェシカ,,2,94
m1,2024,1,,真空ジェシカ,,3,90
m1,2024,1,,真空ジェシカ,,4,93
m1,2024,1,,真空ジェシカ,,5,95
m1,2024,1,,真空ジェシカ,,6,97
m1,2024,1,,真空ジェシカ,,7,94
m1,2024,1,,真空ジェシカ,,8,95
m1,2024,1,,真空ジェシカ,,9,94
m1,2024,1,,マユリカ,,1,93
m1,2024,1,,マユリカ,,2,91
m1,2024,1,,マユリカ,,3,88
m1,2024,1,,マユリカ,,4,91
m1,2024,1,,マユリカ,,5,91
m1,2024,1,,マユリカ,,6,90
m1,2024,1,,マユリカ,,7,89
m1,2024,1,,マユリカ,,8,96
m1,2024,1,,マユリカ,,9,91
m1,2024,1,,ダイタク,,1,90
m1,2024,1,,ダイタク,,2,93
m1,2024,1,,ダイタク,,3,89
m1,2024,1,,ダイタク,,4,92
m1,2024,1,,ダイタク,,5,90
m1,2024,1,,ダイタク,,6,92
m1,2024,1,,ダイタク,,7,88
m1,2024,1,,ダイタク,,8,94
m1,2024,1,,ダイタク,,9,92
m1,2024,1,,ジョックロック,,1,89
m1,2024,1,,ジョックロック,,2,91
m1,2024,1,,ジョックロック,,3,91
m1,2024,1,,ジョックロック,,4,90
m1,2024,1,,ジョックロック,,5,89
m1,2024,1,,ジョックロック,,6,93
m1,2024,1,,ジョックロック,,7,88
m1,2024,1,,ジョックロック,,8,95
m1,2024,1,,ジョックロック,,9,93
m1,2024,1,,バッテリィズ,,1,95
m1,2024,1,,バッテリィズ,,2,93
m1,2024,1,,バッテリィズ,,3,95
m1,2024,1,,バッテリィズ,,4,95
m1,2024,1,,バッテリィズ,,5,97
m1,2024,1,,バッテリィズ,,6,96
m1,2024,1,,バッテリィズ,,7,96
m1,2024,1,,バッテリィズ,,8,97
m1,2024,1,,バッテリィズ,,9,97
m1,2024,1,,ママタルト,,1,88
m1,2024,1,,ママタルト,,2,89
m1,2024,1,,ママタルト,,3,89
m1,2024,1,,ママタルト,,4,89
m1,2024,1,,ママタルト,,5,90
m1,2024,1,,ママタルト,,6,93
m1,2024,1,,ママタルト,,7,89
m1,2024,1,,ママタルト,,8,92
m1,2024,1,,ママタルト,,9,93
m1,2024,1,,エバース,,1,94
m1,2024,1,,エバース,,2,94
m1,2024,1,,エバース,,3,93
m1,2024,1,,エバース,,4,94
m1,2024,1,,エバース,,5,96
m1,2024,1,,エバース,,6,94
m1,2024,1,,エバース,,7,93
m1,2024,1,,エバース,,8,94
m1,2024,1,,エバース,,9,96
m1,2024,1,,トム・ブラウン,,1,95
m1,2024,1,,トム・ブラウン,,2,95
m1,2024,1,,トム・ブラウン,,3,92
m1,2024,1,,トム・ブラウン,,4,93
m1,2024,1,,トム・ブラウン,,5,88
m1,2024,1,,トム・ブラウン,,6,90
m1,2024,1,,トム・ブラウン,,7,87
m1,2024,1,,トム・ブラウン,,8,94
m1,2024,1,,トム・ブラウン,,9,89
m1,2023,2,,令和ロマン,,1,0
m1,2023,2,,令和ロマン,,2,1
m1,2023,2,,令和ロマン,,3,0
m1,2023,2,,令和ロマン,,4,1
m1,2023,2,,令和ロマン,,5,0
m1,2023,2,,令和ロマン,,6,1
m1,2023,2,,令和ロマン,,7,1
m1,2023,2,,ヤーレンズ,,1,1
m1,2023,2,,ヤーレンズ,,2,0
m1,2023,2,,ヤーレンズ,,3,1
m1,2023,2,,ヤーレンズ,,4,0
m1,2023,2,,ヤーレンズ,,5,1
m1,2023,2,,ヤーレンズ,,6,0
m1,2023,2,,ヤーレンズ,,7,0
m1,2023,2,,さや香,,1,0
m1,2023,2,,さや香,,2,0
m1,2023,2,,さや香,,3,0
m1,2023,2,,さや香,,4,0
m1,2023,2,,さや香,,5,0
m1,2023,2,,さや香,,6,0
m1,2023,2,,さや香,,7,0
m1,2023,1,,令和ロマン,,1,92
m1,2023,1,,令和ロマン,,2,91
m1,2023,1,,令和ロマン,,3,94
m1,2023,1,,令和ロマン,,4,93
m1,2023,1,,令和ロマン,,5,94
m1,2023,1,,令和ロマン,,6,94
m1,2023,1,,令和ロマン,,7,90
m1,2023,1,,シシガシラ,,1,87
m1,2023,1,,シシガシラ,,2,88
m1,2023,1,,シシガシラ,,3,91
m1,2023,1,,シシガシラ,,4,90
m1,2023,1,,シシガシラ,,5,92
m1,2023,1,,シシガシラ,,6,91
m1,2023,1,,シシガシラ,,7,88
m1,2023,1,,さや香,,1,98
m1,2023,1,,さや香,,2,94
m1,2023,1,,さや香,,3,95
m1,2023,1,,さや香,,4,93
m1,2023,1,,さや香,,5,96
m1,2023,1,,さや香,,6,94
m1,2023,1,,さや香,,7,89
m1,2023,1,,カベポスター,,1,94
m1,2023,1,,カベポスター,,2,89
m1,2023,1,,カベポスター,,3,88
m1,2023,1,,カベポスター,,4,89
m1,2023,1,,カベポスター,,5,95
m1,2023,1,,カベポスター,,6,92
m1,2023,1,,カベポスター,,7,88
m1,2023,1,,マユリカ,,1,92
m1,2023,1,,マユリカ,,2,90
m1,2023,1,,マユリカ,,3,96
m1,2023,1,,マユリカ,,4,92
m1,2023,1,,マユリカ,,5,92
m1,2023,1,,マユリカ,,6,92
m1,2023,1,,マユリカ,,7,91
m1,2023,1,,ヤーレンズ,,1,93
m1,2023,1,,ヤーレンズ,,2,91
m1,2023,1,,ヤーレンズ,,3,97
m1,2023,1,,ヤーレンズ,,4,93
m1,2023,1,,ヤーレンズ,,5,96
m1,2023,1,,ヤーレンズ,,6,93
m1,2023,1,,ヤーレンズ,,7,93
m1,2023,1,,真空ジェシカ,,1,90
m1,2023,1,,真空ジェシカ,,2,95
m1,2023,1,,真空ジェシカ,,3,93
m1,2023,1,,真空ジェシカ,,4,91
m1,2023,1,,真空ジェシカ,,5,91
m1,2023,1,,真空ジェシカ,,6,91
m1,2023,1,,真空ジェシカ,,7,92
m1,2023,1,,ダンビラムーチョ,,1,93
m1,2023,1,,ダンビラムーチョ,,2,89
m1,2023,1,,ダンビラムーチョ,,3,92
m1,2023,1,,ダンビラムーチョ,,4,91
m1,2023,1,,ダンビラムーチョ,,5,90
m1,2023,1,,ダンビラムーチョ,,6,89
m1,2023,1,,ダンビラムーチョ,,7,87
m1,2023,1,,くらげ,,1,89
m1,2023,1,,くらげ,,2,87
m1,2023,1,,くらげ,,3,89
m1,2023,1,,くらげ,,4,90
m1,2023,1,,くらげ,,5,89
m1,2023,1,,くらげ,,6,90
m1,2023,1,,くらげ,,7,86
m1,2023,1,,モグライダー,,1,87
m1,2023,1,,モグライダー,,2,89
m1,2023,1,,モグライダー,,3,90
m1,2023,1,,モグライダー,,4,91
m1,2023,1,,モグライダー,,5,93
m1,2023,1,,モグライダー,,6,91
m1,2023,1,,モグライダー,,7,91
m1,2022,2,,ウエストランド,,1,1
m1,2022,2,,ウエストランド,,2,0
m1,2022,2,,ウエストランド,,3,1
m1,2022,2,,ウエストランド,,4,1
m1,2022,2,,ウエストランド,,5,1
m1,2022,2,,ウエストランド,,6,1
m1,2022,2,,ウエストランド,,7,1
m1,2022,2,,ロングコートダディ,,1,0
m1,2022,2,,ロングコートダディ,,2,0
m1,2022,2,,ロングコートダディ,,3,0
m1,2022,2,,ロングコートダディ,,4,0
m1,2022,2,,ロングコートダディ,,5,0
m1,2022,2,,ロングコートダディ,,6,0
m1,2022,2,,ロングコートダディ,,7,0
m1,2022,2,,さや香,,1,0
m1,2022,2,,さや香,,2,1
m1,2022,2,,さや香,,3,0
m1,2022,2,,さや香,,4,0
m1,2022,2,,さや香,,5,0
m1,2022,2,,さや香,,6,0
m1,2022,2,,さや香,,7,0
m1,2022,1,,カベポスター,,1,84
m1,2022,1,,カベポスター,,2,94
m1,2022,1,,カベポスター,,3,92
m1,2022,1,,カベポスター,,4,93
m1,2022,1,,カベポスター,,5,89
m1,2022,1,,カベポスター,,6,92
m1,2022,1,,カベポスター,,7,90
m1,2022,1,,真空ジェシカ,,1,95
m1,2022,1,,真空ジェシカ,,2,92
m1,2022,1,,真空ジェシカ,,3,92
m1,2022,1,,真空ジェシカ,,4,92
m1,2022,1,,真空ジェシカ,,5,94
m1,2022,1,,真空ジェシカ,,6,94
m1,2022,1,,真空ジェシカ,,7,88
m1,2022,1,,オズワルド,,1,87
m1,2022,1,,オズワルド,,2,93
m1,2022,1,,オズワルド,,3,90
m1,2022,1,,オズワルド,,4,90
m1,2022,1,,オズワルド,,5,95
m1,2022,1,,オズワルド,,6,92
m1,2022,1,,オズワルド,,7,92
m1,2022,1,,ロングコートダディ,,1,94
m1,2022,1,,ロングコートダディ,,2,92
m1,2022,1,,ロングコートダディ,,3,94
m1,2022,1,,ロングコートダディ,,4,96
m1,2022,1,,ロングコートダディ,,5,96
m1,2022,1,,ロングコートダディ,,6,95
m1,2022,1,,ロングコートダディ,,7,93
m1,2022,1,,さや香,,1,92
m1,2022,1,,さや香,,2,96
m1,2022,1,,さや香,,3,95
m1,2022,1,,さや香,,4,97
m1,2022,1,,さや香,,5,95
m1,2022,1,,さや香,,6,97
m1,2022,1,,さや香,,7,95
m1,2022,1,,男性ブランコ,,1,86
m1,2022,1,,男性ブランコ,,2,91
m1,2022,1,,男性ブランコ,,3,92
m1,2022,1,,男性ブランコ,,4,95
m1,2022,1,,男性ブランコ,,5,94
m1,2022,1,,男性ブランコ,,6,96
m1,2022,1,,男性ブランコ,,7,96
m1,2022,1,,ダイヤモンド,,1,86
m1,2022,1,,ダイヤモンド,,2,90
m1,2022,1,,ダイヤモンド,,3,88
m1,2022,1,,ダイヤモンド,,4,88
m1,2022,1,,ダイヤモンド,,5,88
m1,2022,1,,ダイヤモンド,,6,89
m1,2022,1,,ダイヤモンド,,7,87
m1,2022,1,,ヨネダ2000,,1,91
m1,2022,1,,ヨネダ2000,,2,91
m1,2022,1,,ヨネダ2000,,3,96
m1,2022,1,,ヨネダ2000,,4,91
m1,2022,1,,ヨネダ2000,,5,97
m1,2022,1,,ヨネダ2000,,6,90
m1,2022,1,,ヨネダ2000,,7,91
m1,2022,1,,キュウ,,1,87
m1,2022,1,,キュウ,,2,90
m1,2022,1,,キュウ,,3,88
m1,2022,1,,キュウ,,4,90
m1,2022,1,,キュウ,,5,89
m1,2022,1,,キュウ,,6,90
m1,2022,1,,キュウ,,7,86
m1,2022,1,,ウエストランド,,1,91
m1,2022,1,,ウエストランド,,2,93
m1,2022,1,,ウエストランド,,3,93
m1,2022,1,,ウエストランド,,4,94
m1,2022,1,,ウエストランド,,5,98
m1,2022,1,,ウエストランド,,6,96
m1,2022,1,,ウエストランド,,7,94
m1,2021,2,,インディアンス,,1,0
m1,2021,2,,インディアンス,,2,0
m1,2021,2,,インディアンス,,3,0
m1,2021,2,,インディアンス,,4,0
m1,2021,2,,インディアンス,,5,0
m1,2021,2,,インディアンス,,6,0
m1,2021,2,,インディアンス,,7,1
m1,2021,2,,錦鯉,,1,0
m1,2021,2,,錦鯉,,2,1
m1,2021,2,,錦鯉,,3,1
m1,2021,2,,錦鯉,,4,1
m1,2021,2,,錦鯉,,5,1
m1,2021,2,,錦鯉,,6,1
m1,2021,2,,錦鯉,,7,0
m1,2021,2,,オズワルド,,1,1
m1,2021,2,,オズワルド,,2,0
m1,2021,2,,オズワルド,,3,0
m1,2021,2,,オズワルド,,4,0
m1,2021,2,,オズワルド,,5,0
m1,2021,2,,オズワルド,,6,0
m1,2021,2,,オズワルド,,7,0
m1,2021,1,,モグライダー,,1,91
m1,2021,1,,モグライダー,,2,93
m1,2021,1,,モグライダー,,3,92
m1,2021,1,,モグライダー,,4,89
m1,2021,1,,モグライダー,,5,90
m1,2021,1,,モグライダー,,6,89
m1,2021,1,,モグライダー,,7,93
m1,2021,1,,ランジャタイ,,1,87
m1,2021,1,,ランジャタイ,,2,91
m1,2021,1,,ランジャタイ,,3,90
m1,2021,1,,ランジャタイ,,4,96
m1,2021,1,,ランジャタイ,,5,89
m1,2021,1,,ランジャタイ,,6,87
m1,2021,1,,ランジャタイ,,7,88
m1,2021,1,,ゆにばーす,,1,89
m1,2021,1,,ゆにばーす,,2,92
m1,2021,1,,ゆにばーす,,3,91
m1,2021,1,,ゆにばーす,,4,91
m1,2021,1,,ゆにばーす,,5,93
m1,2021,1,,ゆにばーす,,6,88
m1,2021,1,,ゆにばーす,,7,94
m1,2021,1,,ハライチ,,1,88
m1,2021,1,,ハライチ,,2,90
m1,2021,1,,ハライチ,,3,89
m1,2021,1,,ハライチ,,4,90
m1,2021,1,,ハライチ,,5,89
m1,2021,1,,ハライチ,,6,92
m1,2021,1,,ハライチ,,7,98
m1,2021,1,,真空ジェシカ,,1,90
m1,2021,1,,真空ジェシカ,,2,89
m1,2021,1,,真空ジェシカ,,3,92
m1,2021,1,,真空ジェシカ,,4,94
m1,2021,1,,真空ジェシカ,,5,94
m1,2021,1,,真空ジェシカ,,6,90
m1,2021,1,,真空ジェシカ,,7,89
m1,2021,1,,オズワルド,,1,94
m1,2021,1,,オズワルド,,2,95
m1,2021,1,,オズワルド,,3,95
m1,2021,1,,オズワルド,,4,96
m1,2021,1,,オズワルド,,5,96
m1,2021,1,,オズワルド,,6,96
m1,2021,1,,オズワルド,,7,93
m1,2021,1,,ロングコートダディ,,1,89
m1,2021,1,,ロングコートダディ,,2,90
m1,2021,1,,ロングコートダディ,,3,93
m1,2021,1,,ロングコートダディ,,4,95
m1,2021,1,,ロングコートダディ,,5,95
m1,2021,1,,ロングコートダディ,,6,91
m1,2021,1,,ロングコートダディ,,7,96
m1,2021,1,,錦鯉,,1,92
m1,2021,1,,錦鯉,,2,94
m1,2021,1,,錦鯉,,3,94
m1,2021,1,,錦鯉,,4,90
m1,2021,1,,錦鯉,,5,96
m1,2021,1,,錦鯉,,6,94
m1,2021,1,,錦鯉,,7,95
m1,2021,1,,インディアンス,,1,92
m1,2021,1,,インディアンス,,2,91
m1,2021,1,,インディアンス,,3,93
m1,2021,1,,インディアンス,,4,94
m1,2021,1,,インディアンス,,5,94
m1,2021,1,,インディアンス,,6,93
m1,2021,1,,インディアンス,,7,98
m1,2021,1,,もも,,1,91
m1,2021,1,,もも,,2,90
m1,2021,1,,もも,,3,91
m1,2021,1,,もも,,4,96
m1,2021,1,,もも,,5,95
m1,2021,1,,もも,,6,92
m1,2021,1,,もも,,7,90
m1,2020,2,,見取り図,,1,1
m1,2020,2,,見取り図,,2,0
m1,2020,2,,見取り図,,3,1
m1,2020,2,,見取り図,,4,0
m1,2020,2,,見取り図,,5,0
m1,2020,2,,見取り図,,6,0
m1,2020,2,,見取り図,,7,0
m1,2020,2,,マヂカルラブリー,,1,0
m1,2020,2,,マヂカルラブリー,,2,1
m1,2020,2,,マヂカルラブリー,,3,0
m1,2020,2,,マヂカルラブリー,,4,1
m1,2020,2,,マヂカルラブリー,,5,1
m1,2020,2,,マヂカルラブリー,,6,0
m1,2020,2,,マヂカルラブリー,,7,0
m1,2020,2,,おいでやすこが,,1,0
m1,2020,2,,おいでやすこが,,2,0
m1,2020,2,,おいでやすこが,,3,0
m1,2020,2,,おいでやすこが,,4,0
m1,2020,2,,おいでやすこが,,5,0
m1,2020,2,,おいでやすこが,,6,1
m1,2020,2,,おいでやすこが,,7,1
m1,2020,1,,インディアンス,,1,89
m1,2020,1,,インディアンス,,2,89
m1,2020,1,,インディアンス,,3,85
m1,2020,1,,インディアンス,,4,89
m1,2020,1,,インディアンス,,5,90
m1,2020,1,,インディアンス,,6,90
m1,2020,1,,インディアンス,,7,93
m1,2020,1,,東京ホテイソン,,1,86
m1,2020,1,,東京ホテイソン,,2,91
m1,2020,1,,東京ホテイソン,,3,85
m1,2020,1,,東京ホテイソン,,4,89
m1,2020,1,,東京ホテイソン,,5,88
m1,2020,1,,東京ホテイソン,,6,86
m1,2020,1,,東京ホテイソン,,7,92
m1,2020,1,,ニューヨーク,,1,88
m1,2020,1,,ニューヨーク,,2,93
m1,2020,1,,ニューヨーク,,3,93
m1,2020,1,,ニューヨーク,,4,91
m1,2020,1,,ニューヨーク,,5,91
m1,2020,1,,ニューヨーク,,6,92
m1,2020,1,,ニューヨーク,,7,94
m1,2020,1,,見取り図,,1,91
m1,2020,1,,見取り図,,2,92
m1,2020,1,,見取り図,,3,93
m1,2020,1,,見取り図,,4,93
m1,2020,1,,見取り図,,5,93
m1,2020,1,,見取り図,,6,91
m1,2020,1,,見取り図,,7,95
m1,2020,1,,おいでやすこが,,1,92
m1,2020,1,,おいでやすこが,,2,93
m1,2020,1,,おいでやすこが,,3,93
m1,2020,1,,おいでやすこが,,4,96
m1,2020,1,,おいでやすこが,,5,95
m1,2020,1,,おいでやすこが,,6,95
m1,2020,1,,おいでやすこが,,7,94
m1,2020,1,,マヂカルラブリー,,1,88
m1,2020,1,,マヂカルラブリー,,2,94
m1,2020,1,,マヂカルラブリー,,3,94
m1,2020,1,,マヂカルラブリー,,4,90
m1,2020,1,,マヂカルラブリー,,5,96
m1,2020,1,,マヂカルラブリー,,6,93
m1,2020,1,,マヂカルラブリー,,7,94
m1,2020,1,,オズワルド,,1,88
m1,2020,1,,オズワルド,,2,91
m1,2020,1,,オズワルド,,3,95
m1,2020,1,,オズワルド,,4,93
m1,2020,1,,オズワルド,,5,95
m1,2020,1,,オズワルド,,6,88
m1,2020,1,,オズワルド,,7,92
m1,2020,1,,アキナ,,1,89
m1,2020,1,,アキナ,,2,88
m1,2020,1,,アキナ,,3,87
m1,2020,1,,アキナ,,4,90
m1,2020,1,,アキナ,,5,91
m1,2020,1,,アキナ,,6,85
m1,2020,1,,アキナ,,7,92
m1,2020,1,,錦鯉,,1,87
m1,2020,1,,錦鯉,,2,92
m1,2020,1,,錦鯉,,3,95
m1,2020,1,,錦鯉,,4,95
m1,2020,1,,錦鯉,,5,92
m1,2020,1,,錦鯉,,6,89
m1,2020,1,,錦鯉,,7,93
m1,2020,1,,ウエストランド,,1,88
m1,2020,1,,ウエストランド,,2,91
m1,2020,1,,ウエストランド,,3,85
m1,2020,1,,ウエストランド,,4,86
m1,2020,1,,ウエストランド,,5,90
m1,2020,1,,ウエストランド,,6,90
m1,2020,1,,ウエストランド,,7,92
m1,2019,2,,ぺこぱ,,1,0
m1,2019,2,,ぺこぱ,,2,0
m1,2019,2,,ぺこぱ,,3,0
m1,2019,2,,ぺこぱ,,4,0
m1,2019,2,,ぺこぱ,,5,0
m1,2019,2,,ぺこぱ,,6,0
m1,2019,2,,ぺこぱ,,7,0
m1,2019,2,,かまいたち,,1,0
m1,2019,2,,かまいたち,,2,0
m1,2019,2,,かまいたち,,3,0
m1,2019,2,,かまいたち,,4,0
m1,2019,2,,かまいたち,,5,0
m1,2019,2,,かまいたち,,6,1
m1,2019,2,,かまいたち,,7,0
m1,2019,2,,ミルクボーイ,,1,1
m1,2019,2,,ミルクボーイ,,2,1
m1,2019,2,,ミルクボーイ,,3,1
m1,2019,2,,ミルクボーイ,,4,1
m1,2019,2,,ミルクボーイ,,5,1
m1,2019,2,,ミルクボーイ,,6,0
m1,2019,2,,ミルクボーイ,,7,1
m1,2019,1,,ニューヨーク,,1,87
m1,2019,1,,ニューヨーク,,2,91
m1,2019,1,,ニューヨーク,,3,90
m1,2019,1,,ニューヨーク,,4,88
m1,2019,1,,ニューヨーク,,5,88
m1,2019,1,,ニューヨーク,,6,82
m1,2019,1,,ニューヨーク,,7,90
m1,2019,1,,かまいたち,,1,93
m1,2019,1,,かまいたち,,2,95
m1,2019,1,,かまいたち,,3,95
m1,2019,1,,かまいたち,,4,93
m1,2019,1,,かまいたち,,5,94
m1,2019,1,,かまいたち,,6,95
m1,2019,1,,かまいたち,,7,95
m1,2019,1,,和牛,,1,92
m1,2019,1,,和牛,,2,96
m1,2019,1,,和牛,,3,96
m1,2019,1,,和牛,,4,91
m1,2019,1,,和牛,,5,93
m1,2019,1,,和牛,,6,92
m1,2019,1,,和牛,,7,92
m1,2019,1,,すゑひろがりず,,1,92
m1,2019,1,,すゑひろがりず,,2,91
m1,2019,1,,すゑひろがりず,,3,92
m1,2019,1,,すゑひろがりず,,4,90
m1,2019,1,,すゑひろがりず,,5,91
m1,2019,1,,すゑひろがりず,,6,89
m1,2019,1,,すゑひろがりず,,7,92
m1,2019,1,,からし蓮根,,1,93
m1,2019,1,,からし蓮根,,2,90
m1,2019,1,,からし蓮根,,3,89
m1,2019,1,,からし蓮根,,4,90
m1,2019,1,,からし蓮根,,5,93
m1,2019,1,,からし蓮根,,6,90
m1,2019,1,,からし蓮根,,7,94
m1,2019,1,,見取り図,,1,94
m1,2019,1,,見取り図,,2,92
m1,2019,1,,見取り図,,3,94
m1,2019,1,,見取り図,,4,91
m1,2019,1,,見取り図,,5,93
m1,2019,1,,見取り図,,6,91
m1,2019,1,,見取り図,,7,94
m1,2019,1,,ミルクボーイ,,1,97
m1,2019,1,,ミルクボーイ,,2,99
m1,2019,1,,ミルクボーイ,,3,97
m1,2019,1,,ミルクボーイ,,4,97
m1,2019,1,,ミルクボーイ,,5,96
m1,2019,1,,ミルクボーイ,,6,97
m1,2019,1,,ミルクボーイ,,7,98
m1,2019,1,,オズワルド,,1,91
m1,2019,1,,オズワルド,,2,89
m1,2019,1,,オズワルド,,3,89
m1,2019,1,,オズワルド,,4,91
m1,2019,1,,オズワルド,,5,94
m1,2019,1,,オズワルド,,6,90
m1,2019,1,,オズワルド,,7,94
m1,2019,1,,インディアンス,,1,92
m1,2019,1,,インディアンス,,2,89
m1,2019,1,,インディアンス,,3,87
m1,2019,1,,インディアンス,,4,90
m1,2019,1,,インディアンス,,5,92
m1,2019,1,,インディアンス,,6,88
m1,2019,1,,インディアンス,,7,94
m1,2019,1,,ぺこぱ,,1,93
m1,2019,1,,ぺこぱ,,2,94
m1,2019,1,,ぺこぱ,,3,91
m1,2019,1,,ぺこぱ,,4,94
m1,2019,1,,ぺこぱ,,5,92
m1,2019,1,,ぺこぱ,,6,94
m1,2019,1,,ぺこぱ,,7,96
m1,2018,2,,ジャルジャル,,1,0
m1,2018,2,,ジャルジャル,,2,0
m1,2018,2,,ジャルジャル,,3,0
m1,2018,2,,ジャルジャル,,4,0
m1,2018,2,,ジャルジャル,,5,0
m1,2018,2,,ジャルジャル,,6,0
m1,2018,2,,ジャルジャル,,7,0
m1,2018,2,,和牛,,1,0
m1,2018,2,,和牛,,2,0
m1,2018,2,,和牛,,3,0
m1,2018,2,,和牛,,4,0
m1,2018,2,,和牛,,5,1
m1,2018,2,,和牛,,6,1
m1,2018,2,,和牛,,7,1
m1,2018,2,,霜降り明星,,1,1
m1,2018,2,,霜降り明星,,2,1
m1,2018,2,,霜降り明星,,3,1
m1,2018,2,,霜降り明星,,4,1
m1,2018,2,,霜降り明星,,5,0
m1,2018,2,,霜降り明星,,6,0
m1,2018,2,,霜降り明星,,7,0
m1,2018,1,,見取り図,,1,88
m1,2018,1,,見取り図,,2,91
m1,2018,1,,見取り図,,3,85
m1,2018,1,,見取り図,,4,85
m1,2018,1,,見取り図,,5,86
m1,2018,1,,見取り図,,6,83
m1,2018,1,,見取り図,,7,88
m1,2018,1,,スーパーマラドーナ,,1,87
m1,2018,1,,スーパーマラドーナ,,2,90
m1,2018,1,,スーパーマラドーナ,,3,89
m1,2018,1,,スーパーマラドーナ,,4,88
m1,2018,1,,スーパーマラドーナ,,5,89
m1,2018,1,,スーパーマラドーナ,,6,85
m1,2018,1,,スーパーマラドーナ,,7,89
m1,2018,1,,かまいたち,,1,89
m1,2018,1,,かまいたち,,2,92
m1,2018,1,,かまいたち,,3,92
m1,2018,1,,かまいたち,,4,88
m1,2018,1,,かまいたち,,5,91
m1,2018,1,,かまいたち,,6,90
m1,2018,1,,かまいたち,,7,94
m1,2018,1,,ジャルジャル,,1,93
m1,2018,1,,ジャルジャル,,2,93
m1,2018,1,,ジャルジャル,,3,93
m1,2018,1,,ジャルジャル,,4,99
m1,2018,1,,ジャルジャル,,5,90
m1,2018,1,,ジャルジャル,,6,92
m1,2018,1,,ジャルジャル,,7,88
m1,2018,1,,ギャロップ,,1,87
m1,2018,1,,ギャロップ,,2,90
m1,2018,1,,ギャロップ,,3,89
m1,2018,1,,ギャロップ,,4,86
m1,2018,1,,ギャロップ,,5,87
m1,2018,1,,ギャロップ,,6,86
m1,2018,1,,ギャロップ,,7,89
m1,2018,1,,ゆにばーす,,1,84
m1,2018,1,,ゆにばーす,,2,91
m1,2018,1,,ゆにばーす,,3,82
m1,2018,1,,ゆにばーす,,4,87
m1,2018,1,,ゆにばーす,,5,86
m1,2018,1,,ゆにばーす,,6,80
m1,2018,1,,ゆにばーす,,7,84
m1,2018,1,,ミキ,,1,90
m1,2018,1,,ミキ,,2,93
m1,2018,1,,ミキ,,3,90
m1,2018,1,,ミキ,,4,89
m1,2018,1,,ミキ,,5,90
m1,2018,1,,ミキ,,6,88
m1,2018,1,,ミキ,,7,98
m1,2018,1,,トム・ブラウン,,1,87
m1,2018,1,,トム・ブラウン,,2,90
m1,2018,1,,トム・ブラウン,,3,93
m1,2018,1,,トム・ブラウン,,4,97
m1,2018,1,,トム・ブラウン,,5,89
m1,2018,1,,トム・ブラウン,,6,91
m1,2018,1,,トム・ブラウン,,7,86
m1,2018,1,,霜降り明星,,1,93
m1,2018,1,,霜降り明星,,2,96
m1,2018,1,,霜降り明星,,3,98
m1,2018,1,,霜降り明星,,4,93
m1,2018,1,,霜降り明星,,5,91
m1,2018,1,,霜降り明星,,6,94
m1,2018,1,,霜降り明星,,7,97
m1,2018,1,,和牛,,1,92
m1,2018,1,,和牛,,2,94
m1,2018,1,,和牛,,3,94
m1,2018,1,,和牛,,4,93
m1,2018,1,,和牛,,5,92
m1,2018,1,,和牛,,6,93
m1,2018,1,,和牛,,7,98
m1,2017,2,,とろサーモン,,1,0
m1,2017,2,,とろサーモン,,2,1
m1,2017,2,,とろサーモン,,3,1
m1,2017,2,,とろサーモン,,4,1
m1,2017,2,,とろサーモン,,5,1
m1,2017,2,,とろサーモン,,6,0
m1,2017,2,,とろサーモン,,7,0
m1,2017,2,,ミキ,,1,0
m1,2017,2,,ミキ,,2,0
m1,2017,2,,ミキ,,3,0
m1,2017,2,,ミキ,,4,0
m1,2017,2,,ミキ,,5,0
m1,2017,2,,ミキ,,6,0
m1,2017,2,,ミキ,,7,0
m1,2017,2,,和牛,,1,1
m1,2017,2,,和牛,,2,0
m1,2017,2,,和牛,,3,0
m1,2017,2,,和牛,,4,0
m1,2017,2,,和牛,,5,0
m1,2017,2,,和牛,,6,1
m1,2017,2,,和牛,,7,1
m1,2017,1,,ゆにばーす,,1,89
m1,2017,1,,ゆにばーす,,2,87
m1,2017,1,,ゆにばーす,,3,90
m1,2017,1,,ゆにばーす,,4,91
m1,2017,1,,ゆにばーす,,5,92
m1,2017,1,,ゆにばーす,,6,87
m1,2017,1,,ゆにばーす,,7,90
m1,2017,1,,カミナリ,,1,87
m1,2017,1,,カミナリ,,2,86
m1,2017,1,,カミナリ,,3,89
m1,2017,1,,カミナリ,,4,90
m1,2017,1,,カミナリ,,5,91
m1,2017,1,,カミナリ,,6,85
m1,2017,1,,カミナリ,,7,90
m1,2017,1,,とろサーモン,,1,88
m1,2017,1,,とろサーモン,,2,93
m1,2017,1,,とろサーモン,,3,93
m1,2017,1,,とろサーモン,,4,93
m1,2017,1,,とろサーモン,,5,93
m1,2017,1,,とろサーモン,,6,92
m1,2017,1,,とろサーモン,,7,93
m1,2017,1,,スーパーマラドーナ,,1,94
m1,2017,1,,スーパーマラドーナ,,2,91
m1,2017,1,,スーパーマラドーナ,,3,92
m1,2017,1,,スーパーマラドーナ,,4,91
m1,2017,1,,スーパーマラドーナ,,5,93
m1,2017,1,,スーパーマラドーナ,,6,90
m1,2017,1,,スーパーマラドーナ,,7,89
m1,2017,1,,かまいたち,,1,95
m1,2017,1,,かまいたち,,2,89
m1,2017,1,,かまいたち,,3,94
m1,2017,1,,かまいたち,,4,90
m1,2017,1,,かまいたち,,5,92
m1,2017,1,,かまいたち,,6,91
m1,2017,1,,かまいたち,,7,89
m1,2017,1,,マヂカルラブリー,,1,86
m1,2017,1,,マヂカルラブリー,,2,89
m1,2017,1,,マヂカルラブリー,,3,88
m1,2017,1,,マヂカルラブリー,,4,89
m1,2017,1,,マヂカルラブリー,,5,88
m1,2017,1,,マヂカルラブリー,,6,84
m1,2017,1,,マヂカルラブリー,,7,83
m1,2017,1,,さや香,,1,87
m1,2017,1,,さや香,,2,91
m1,2017,1,,さや香,,3,90
m1,2017,1,,さや香,,4,90
m1,2017,1,,さや香,,5,90
m1,2017,1,,さや香,,6,90
m1,2017,1,,さや香,,7,90
m1,2017,1,,ミキ,,1,93
m1,2017,1,,ミキ,,2,94
m1,2017,1,,ミキ,,3,91
m1,2017,1,,ミキ,,4,92
m1,2017,1,,ミキ,,5,91
m1,2017,1,,ミキ,,6,94
m1,2017,1,,ミキ,,7,95
m1,2017,1,,和牛,,1,92
m1,2017,1,,和牛,,2,92
m1,2017,1,,和牛,,3,93
m1,2017,1,,和牛,,4,94
m1,2017,1,,和牛,,5,94
m1,2017,1,,和牛,,6,93
m1,2017,1,,和牛,,7,95
m1,2017,1,,ジャルジャル,,1,93
m1,2017,1,,ジャルジャル,,2,88
m1,2017,1,,ジャルジャル,,3,89
m1,2017,1,,ジャルジャル,,4,90
m1,2017,1,,ジャルジャル,,5,91
m1,2017,1,,ジャルジャル,,6,95
m1,2017,1,,ジャルジャル,,7,90
m1,2016,2,,スーパーマラドーナ,,1,0
m1,2016,2,,スーパーマラドーナ,,2,1
m1,2016,2,,スーパーマラドーナ,,3,0
m1,2016,2,,スーパーマラドーナ,,4,0
m1,2016,2,,スーパーマラドーナ,,5,0
m1,2016,2,,和牛,,1,0
m1,2016,2,,和牛,,2,0
m1,2016,2,,和牛,,3,0
m1,2016,2,,和牛,,4,1
m1,2016,2,,和牛,,5,0
m1,2016,2,,銀シャリ,,1,1
m1,2016,2,,銀シャリ,,2,0
m1,2016,2,,銀シャリ,,3,1
m1,2016,2,,銀シャリ,,4,0
m1,2016,2,,銀シャリ,,5,1
m1,2016,1,,アキナ,,1,92
m1,2016,1,,アキナ,,2,89
m1,2016,1,,アキナ,,3,89
m1,2016,1,,アキナ,,4,87
m1,2016,1,,アキナ,,5,89
m1,2016,1,,カミナリ,,1,91
m1,2016,1,,カミナリ,,2,90
m1,2016,1,,カミナリ,,3,90
m1,2016,1,,カミナリ,,4,89
m1,2016,1,,カミナリ,,5,81
m1,2016,1,,相席スタート,,1,87
m1,2016,1,,相席スタート,,2,88
m1,2016,1,,相席スタート,,3,87
m1,2016,1,,相席スタート,,4,84
m1,2016,1,,相席スタート,,5,90
m1,2016,1,,銀シャリ,,1,96
m1,2016,1,,銀シャリ,,2,91
m1,2016,1,,銀シャリ,,3,93
m1,2016,1,,銀シャリ,,4,95
m1,2016,1,,銀シャリ,,5,95
m1,2016,1,,スリムクラブ,,1,85
m1,2016,1,,スリムクラブ,,2,89
m1,2016,1,,スリムクラブ,,3,88
m1,2016,1,,スリムクラブ,,4,90
m1,2016,1,,スリムクラブ,,5,89
m1,2016,1,,ハライチ,,1,91
m1,2016,1,,ハライチ,,2,88
m1,2016,1,,ハライチ,,3,89
m1,2016,1,,ハライチ,,4,85
m1,2016,1,,ハライチ,,5,93
m1,2016,1,,スーパーマラドーナ,,1,90
m1,2016,1,,スーパーマラドーナ,,2,95
m1,2016,1,,スーパーマラドーナ,,3,92
m1,2016,1,,スーパーマラドーナ,,4,89
m1,2016,1,,スーパーマラドーナ,,5,93
m1,2016,1,,さらば青春の光,,1,87
m1,2016,1,,さらば青春の光,,2,90
m1,2016,1,,さらば青春の光,,3,90
m1,2016,1,,さらば青春の光,,4,90
m1,2016,1,,さらば青春の光,,5,91
m1,2016,1,,和牛,,1,95
m1,2016,1,,和牛,,2,95
m1,2016,1,,和牛,,3,91
m1,2016,1,,和牛,,4,93
m1,2016,1,,和牛,,5,95
m1,2015,2,,銀シャリ,,1,0
m1,2015,2,,銀シャリ,,2,0
m1,2015,2,,銀シャリ,,3,0
m1,2015,2,,銀シャリ,,4,0
m1,2015,2,,銀シャリ,,5,1
m1,2015,2,,銀シャリ,,6,0
m1,2015,2,,銀シャリ,,7,1
m1,2015,2,,銀シャリ,,8,0
m1,2015,2,,銀シャリ,,9,0
m1,2015,2,,トレンディエンジェル,,1,0
m1,2015,2,,トレンディエンジェル,,2,1
m1,2015,2,,トレンディエンジェル,,3,1
m1,2015,2,,トレンディエンジェル,,4,1
m1,2015,2,,トレンディエンジェル,,5,0
m1,2015,2,,トレンディエンジェル,,6,1
m1,2015,2,,トレンディエンジェル,,7,0
m1,2015,2,,トレンディエンジェル,,8,1
m1,2015,2,,トレンディエンジェル,,9,1
m1,2015,2,,ジャルジャル,,1,1
m1,2015,2,,ジャルジャル,,2,0
m1,2015,2,,ジャルジャル,,3,0
m1,2015,2,,ジャルジャル,,4,0
m1,2015,2,,ジャルジャル,,5,0
m1,2015,2,,ジャルジャル,,6,0
m1,2015,2,,ジャルジャル,,7,0
m1,2015,2,,ジャルジャル,,8,0
m1,2015,2,,ジャルジャル,,9,0
m1,2015,1,,メイプル超合金,,1,89
m1,2015,1,,メイプル超合金,,2,89
m1,2015,1,,メイプル超合金,,3,89
m1,2015,1,,メイプル超合金,,4,92
m1,2015,1,,メイプル超合金,,5,91
m1,2015,1,,メイプル超合金,,6,85
m1,2015,1,,メイプル超合金,,7,89
m1,2015,1,,メイプル超合金,,8,85
m1,2015,1,,メイプル超合金,,9,87
m1,2015,1,,馬鹿よ貴方は,,1,90
m1,2015,1,,馬鹿よ貴方は,,2,90
m1,2015,1,,馬鹿よ貴方は,,3,83
m1,2015,1,,馬鹿よ貴方は,,4,93
m1,2015,1,,馬鹿よ貴方は,,5,89
m1,2015,1,,馬鹿よ貴方は,,6,83
m1,2015,1,,馬鹿よ貴方は,,7,90
m1,2015,1,,馬鹿よ貴方は,,8,85
m1,2015,1,,馬鹿よ貴方は,,9,88
m1,2015,1,,スーパーマラドーナ,,1,90
m1,2015,1,,スーパーマラドーナ,,2,93
m1,2015,1,,スーパーマラドーナ,,3,88
m1,2015,1,,スーパーマラドーナ,,4,91
m1,2015,1,,スーパーマラドーナ,,5,89
m1,2015,1,,スーパーマラドーナ,,6,90
m1,2015,1,,スーパーマラドーナ,,7,93
m1,2015,1,,スーパーマラドーナ,,8,87
m1,2015,1,,スーパーマラドーナ,,9,92
m1,2015,1,,和牛,,1,88
m1,2015,1,,和牛,,2,90
m1,2015,1,,和牛,,3,88
m1,2015,1,,和牛,,4,90
m1,2015,1,,和牛,,5,90
m1,2015,1,,和牛,,6,86
m1,2015,1,,和牛,,7,92
m1,2015,1,,和牛,,8,92
m1,2015,1,,和牛,,9,90
m1,2015,1,,ジャルジャル,,1,93
m1,2015,1,,ジャルジャル,,2,93
m1,2015,1,,ジャルジャル,,3,94
m1,2015,1,,ジャルジャル,,4,94
m1,2015,1,,ジャルジャル,,5,96
m1,2015,1,,ジャルジャル,,6,90
m1,2015,1,,ジャルジャル,,7,96
m1,2015,1,,ジャルジャル,,8,89
m1,2015,1,,ジャルジャル,,9,89
m1,2015,1,,銀シャリ,,1,92
m1,2015,1,,銀シャリ,,2,89
m1,2015,1,,銀シャリ,,3,87
m1,2015,1,,銀シャリ,,4,92
m1,2015,1,,銀シャリ,,5,95
m1,2015,1,,銀シャリ,,6,89
m1,2015,1,,銀シャリ,,7,92
m1,2015,1,,銀シャリ,,8,91
m1,2015,1,,銀シャリ,,9,91
m1,2015,1,,ハライチ,,1,87
m1,2015,1,,ハライチ,,2,88
m1,2015,1,,ハライチ,,3,86
m1,2015,1,,ハライチ,,4,89
m1,2015,1,,ハライチ,,5,89
m1,2015,1,,ハライチ,,6,83
m1,2015,1,,ハライチ,,7,85
m1,2015,1,,ハライチ,,8,89
m1,2015,1,,ハライチ,,9,92
m1,2015,1,,タイムマシーン3号,,1,88
m1,2015,1,,タイムマシーン3号,,2,91
m1,2015,1,,タイムマシーン3号,,3,94
m1,2015,1,,タイムマシーン3号,,4,93
m1,2015,1,,タイムマシーン3号,,5,88
m1,2015,1,,タイムマシーン3号,,6,89
m1,2015,1,,タイムマシーン3号,,7,90
m1,2015,1,,タイムマシーン3号,,8,90
m1,2015,1,,タイムマシーン3号,,9,93
m1,2015,1,,トレンディエンジェル,,1,91
m1,2015,1,,トレンディエンジェル,,2,92
m1,2015,1,,トレンディエンジェル,,3,92
m1,2015,1,,トレンディエンジェル,,4,93
m1,2015,1,,トレンディエンジェル,,5,88
m1,2015,1,,トレンディエンジェル,,6,93
m1,2015,1,,トレンディエンジェル,,7,89
m1,2015,1,,トレンディエンジェル,,8,93
m1,2015,1,,トレンディエンジェル,,9,94
m1,2010,2,,スリムクラブ,,1,1
m1,2010,2,,スリムクラブ,,2,1
m1,2010,2,,スリムクラブ,,3,0
m1,2010,2,,スリムクラブ,,4,0
m1,2010,2,,スリムクラブ,,5,0
m1,2010,2,,スリムクラブ,,6,0
m1,2010,2,,スリムクラブ,,7,1
m1,2010,2,,笑い飯,,1,0
m1,2010,2,,笑い飯,,2,0
m1,2010,2,,笑い飯,,3,1
m1,2010,2,,笑い飯,,4,1
m1,2010,2,,笑い飯,,5,1
m1,2010,2,,笑い飯,,6,1
m1,2010,2,,笑い飯,,7,0
m1,2010,2,,パンクブーブー,,1,0
m1,2010,2,,パンクブーブー,,2,0
m1,2010,2,,パンクブーブー,,3,0
m1,2010,2,,パンクブーブー,,4,0
m1,2010,2,,パンクブーブー,,5,0
m1,2010,2,,パンクブーブー,,6,0
m1,2010,2,,パンクブーブー,,7,0
m1,2010,1,,カナリア,,1,80
m1,2010,1,,カナリア,,2,88
m1,2010,1,,カナリア,,3,85
m1,2010,1,,カナリア,,4,87
m1,2010,1,,カナリア,,5,86
m1,2010,1,,カナリア,,6,85
m1,2010,1,,カナリア,,7,81
m1,2010,1,,ジャルジャル,,1,79
m1,2010,1,,ジャルジャル,,2,90
m1,2010,1,,ジャルジャル,,3,87
m1,2010,1,,ジャルジャル,,4,89
m1,2010,1,,ジャルジャル,,5,88
m1,2010,1,,ジャルジャル,,6,87
m1,2010,1,,ジャルジャル,,7,86
m1,2010,1,,スリムクラブ,,1,94
m1,2010,1,,スリムクラブ,,2,91
m1,2010,1,,スリムクラブ,,3,88
m1,2010,1,,スリムクラブ,,4,91
m1,2010,1,,スリムクラブ,,5,93
m1,2010,1,,スリムクラブ,,6,96
m1,2010,1,,スリムクラブ,,7,91
m1,2010,1,,銀シャリ,,1,92
m1,2010,1,,銀シャリ,,2,93
m1,2010,1,,銀シャリ,,3,87
m1,2010,1,,銀シャリ,,4,89
m1,2010,1,,銀シャリ,,5,89
m1,2010,1,,銀シャリ,,6,90
m1,2010,1,,銀シャリ,,7,87
m1,2010,1,,ナイツ,,1,87
m1,2010,1,,ナイツ,,2,91
m1,2010,1,,ナイツ,,3,88
m1,2010,1,,ナイツ,,4,90
m1,2010,1,,ナイツ,,5,90
m1,2010,1,,ナイツ,,6,88
m1,2010,1,,ナイツ,,7,92
m1,2010,1,,笑い飯,,1,96
m1,2010,1,,笑い飯,,2,95
m1,2010,1,,笑い飯,,3,90
m1,2010,1,,笑い飯,,4,97
m1,2010,1,,笑い飯,,5,98
m1,2010,1,,笑い飯,,6,96
m1,2010,1,,笑い飯,,7,96
m1,2010,1,,ハライチ,,1,88
m1,2010,1,,ハライチ,,2,90
m1,2010,1,,ハライチ,,3,90
m1,2010,1,,ハライチ,,4,90
m1,2010,1,,ハライチ,,5,89
m1,2010,1,,ハライチ,,6,86
m1,2010,1,,ハライチ,,7,87
m1,2010,1,,ピース,,1,95
m1,2010,1,,ピース,,2,92
m1,2010,1,,ピース,,3,89
m1,2010,1,,ピース,,4,89
m1,2010,1,,ピース,,5,87
m1,2010,1,,ピース,,6,89
m1,2010,1,,ピース,,7,88
m1,2010,1,,パンクブーブー,,1,96
m1,2010,1,,パンクブーブー,,2,98
m1,2010,1,,パンクブーブー,,3,95
m1,2010,1,,パンクブーブー,,4,91
m1,2010,1,,パンクブーブー,,5,94
m1,2010,1,,パンクブーブー,,6,97
m1,2010,1,,パンクブーブー,,7,97
m1,2009,2,,NON STYLE,,1,0
m1,2009,2,,NON STYLE,,2,0
m1,2009,2,,NON STYLE,,3,0
m1,2009,2,,NON STYLE,,4,0
m1,2009,2,,NON STYLE,,5,0
m1,2009,2,,NON STYLE,,6,0
m1,2009,2,,NON STYLE,,7,0
m1,2009,2,,パンクブーブー,,1,1
m1,2009,2,,パンクブーブー,,2,1
m1,2009,2,,パンクブーブー,,3,1
m1,2009,2,,パンクブーブー,,4,1
m1,2009,2,,パンクブーブー,,5,1
m1,2009,2,,パンクブーブー,,6,1
m1,2009,2,,パンクブーブー,,7,1
m1,2009,2,,笑い飯,,1,0
m1,2009,2,,笑い飯,,2,0
m1,2009,2,,笑い飯,,3,0
m1,2009,2,,笑い飯,,4,0
m1,2009,2,,笑い飯,,5,0
m1,2009,2,,笑い飯,,6,0
m1,2009,2,,笑い飯,,7,0
m1,2009,1,,ナイツ,,1,96
m1,2009,1,,ナイツ,,2,91
m1,2009,1,,ナイツ,,3,90
m1,2009,1,,ナイツ,,4,88
m1,2009,1,,ナイツ,,5,93
m1,2009,1,,ナイツ,,6,85
m1,2009,1,,ナイツ,,7,91
m1,2009,1,,南海キャンディーズ,,1,88
m1,2009,1,,南海キャンディーズ,,2,88
m1,2009,1,,南海キャンディーズ,,3,84
m1,2009,1,,南海キャンディーズ,,4,89
m1,2009,1,,南海キャンディーズ,,5,90
m1,2009,1,,南海キャンディーズ,,6,83
m1,2009,1,,南海キャンディーズ,,7,85
m1,2009,1,,東京ダイナマイト,,1,90
m1,2009,1,,東京ダイナマイト,,2,90
m1,2009,1,,東京ダイナマイト,,3,86
m1,2009,1,,東京ダイナマイト,,4,85
m1,2009,1,,東京ダイナマイト,,5,90
m1,2009,1,,東京ダイナマイト,,6,88
m1,2009,1,,東京ダイナマイト,,7,85
m1,2009,1,,ハリセンボン,,1,89
m1,2009,1,,ハリセンボン,,2,85
m1,2009,1,,ハリセンボン,,3,85
m1,2009,1,,ハリセンボン,,4,87
m1,2009,1,,ハリセンボン,,5,87
m1,2009,1,,ハリセンボン,,6,80
m1,2009,1,,ハリセンボン,,7,82
m1,2009,1,,笑い飯,,1,98
m1,2009,1,,笑い飯,,2,92
m1,2009,1,,笑い飯,,3,93
m1,2009,1,,笑い飯,,4,92
m1,2009,1,,笑い飯,,5,98
m1,2009,1,,笑い飯,,6,95
m1,2009,1,,笑い飯,,7,100
m1,2009,1,,ハライチ,,1,95
m1,2009,1,,ハライチ,,2,89
m1,2009,1,,ハライチ,,3,89
m1,2009,1,,ハライチ,,4,86
m1,2009,1,,ハライチ,,5,91
m1,2009,1,,ハライチ,,6,88
m1,2009,1,,ハライチ,,7,90
m1,2009,1,,モンスターエンジン,,1,87
m1,2009,1,,モンスターエンジン,,2,89
m1,2009,1,,モンスターエンジン,,3,87
m1,2009,1,,モンスターエンジン,,4,85
m1,2009,1,,モンスターエンジン,,5,90
m1,2009,1,,モンスターエンジン,,6,83
m1,2009,1,,モンスターエンジン,,7,89
m1,2009,1,,パンクブーブー,,1,97
m1,2009,1,,パンクブーブー,,2,91
m1,2009,1,,パンクブーブー,,3,90
m1,2009,1,,パンクブーブー,,4,88
m1,2009,1,,パンクブーブー,,5,98
m1,2009,1,,パンクブーブー,,6,93
m1,2009,1,,パンクブーブー,,7,94
m1,2009,1,,NON STYLE,,1,95
m1,2009,1,,NON STYLE,,2,90
m1,2009,1,,NON STYLE,,3,87
m1,2009,1,,NON STYLE,,4,89
m1,2009,1,,NON STYLE,,5,98
m1,2009,1,,NON STYLE,,6,92
m1,2009,1,,NON STYLE,,7,90
m1,2008,2,,ナイツ,,1,0
m1,2008,2,,ナイツ,,2,0
m1,2008,2,,ナイツ,,3,0
m1,2008,2,,ナイツ,,4,0
m1,2008,2,,ナイツ,,5,0
m1,2008,2,,ナイツ,,6,0
m1,2008,2,,ナイツ,,7,0
m1,2008,2,,NON STYLE,,1,0
m1,2008,2,,NON STYLE,,2,0
m1,2008,2,,NON STYLE,,3,1
m1,2008,2,,NON STYLE,,4,1
m1,2008,2,,NON STYLE,,5,1
m1,2008,2,,NON STYLE,,6,1
m1,2008,2,,NON STYLE,,7,1
m1,2008,2,,オードリー,,1,1
m1,2008,2,,オードリー,,2,1
m1,2008,2,,オードリー,,3,0
m1,2008,2,,オードリー,,4,0
m1,2008,2,,オードリー,,5,0
m1,2008,2,,オードリー,,6,0
m1,2008,2,,オードリー,,7,0
m1,2008,1,,ダイアン,,1,93
m1,2008,1,,ダイアン,,2,86
m1,2008,1,,ダイアン,,3,86
m1,2008,1,,ダイアン,,4,90
m1,2008,1,,ダイアン,,5,90
m1,2008,1,,ダイアン,,6,85
m1,2008,1,,ダイアン,,7,89
m1,2008,1,,笑い飯,,1,88
m1,2008,1,,笑い飯,,2,88
m1,2008,1,,笑い飯,,3,91
m1,2008,1,,笑い飯,,4,91
m1,2008,1,,笑い飯,,5,95
m1,2008,1,,笑い飯,,6,89
m1,2008,1,,笑い飯,,7,95
m1,2008,1,,モンスターエンジン,,1,90
m1,2008,1,,モンスターエンジン,,2,88
m1,2008,1,,モンスターエンジン,,3,89
m1,2008,1,,モンスターエンジン,,4,88
m1,2008,1,,モンスターエンジン,,5,85
m1,2008,1,,モンスターエンジン,,6,83
m1,2008,1,,モンスターエンジン,,7,91
m1,2008,1,,ナイツ,,1,94
m1,2008,1,,ナイツ,,2,89
m1,2008,1,,ナイツ,,3,89
m1,2008,1,,ナイツ,,4,91
m1,2008,1,,ナイツ,,5,95
m1,2008,1,,ナイツ,,6,93
m1,2008,1,,ナイツ,,7,89
m1,2008,1,,U字工事,,1,92
m1,2008,1,,U字工事,,2,88
m1,2008,1,,U字工事,,3,84
m1,2008,1,,U字工事,,4,90
m1,2008,1,,U字工事,,5,93
m1,2008,1,,U字工事,,6,85
m1,2008,1,,U字工事,,7,91
m1,2008,1,,ザ・パンチ,,1,85
m1,2008,1,,ザ・パンチ,,2,83
m1,2008,1,,ザ・パンチ,,3,83
m1,2008,1,,ザ・パンチ,,4,85
m1,2008,1,,ザ・パンチ,,5,88
m1,2008,1,,ザ・パンチ,,6,80
m1,2008,1,,ザ・パンチ,,7,87
m1,2008,1,,NON STYLE,,1,91
m1,2008,1,,NON STYLE,,2,90
m1,2008,1,,NON STYLE,,3,91
m1,2008,1,,NON STYLE,,4,90
m1,2008,1,,NON STYLE,,5,95
m1,2008,1,,NON STYLE,,6,93
m1,2008,1,,NON STYLE,,7,94
m1,2008,1,,キングコング,,1,86
m1,2008,1,,キングコング,,2,87
m1,2008,1,,キングコング,,3,86
m1,2008,1,,キングコング,,4,89
m1,2008,1,,キングコング,,5,90
m1,2008,1,,キングコング,,6,86
m1,2008,1,,キングコング,,7,88
m1,2008,1,,オードリー,,1,98
m1,2008,1,,オードリー,,2,92
m1,2008,1,,オードリー,,3,91
m1,2008,1,,オードリー,,4,92
m1,2008,1,,オードリー,,5,92
m1,2008,1,,オードリー,,6,95
m1,2008,1,,オードリー,,7,89
m1,2007,2,,トータルテンボス,,1,1
m1,2007,2,,トータルテンボス,,2,0
m1,2007,2,,トータルテンボス,,3,0
m1,2007,2,,トータルテンボス,,4,1
m1,2007,2,,トータルテンボス,,5,0
m1,2007,2,,トータルテンボス,,6,0
m1,2007,2,,トータルテンボス,,7,0
m1,2007,2,,キングコング,,1,0
m1,2007,2,,キングコング,,2,1
m1,2007,2,,キングコング,,3,0
m1,2007,2,,キングコング,,4,0
m1,2007,2,,キングコング,,5,0
m1,2007,2,,キングコング,,6,0
m1,2007,2,,キングコング,,7,0
m1,2007,2,,サンドウィッチマン,,1,0
m1,2007,2,,サンドウィッチマン,,2,0
m1,2007,2,,サンドウィッチマン,,3,1
m1,2007,2,,サンドウィッチマン,,4,0
m1,2007,2,,サンドウィッチマン,,5,1
m1,2007,2,,サンドウィッチマン,,6,1
m1,2007,2,,サンドウィッチマン,,7,1
m1,2007,1,,笑い飯,,1,92
m1,2007,1,,笑い飯,,2,85
m1,2007,1,,笑い飯,,3,83
m1,2007,1,,笑い飯,,4,85
m1,2007,1,,笑い飯,,5,89
m1,2007,1,,笑い飯,,6,85
m1,2007,1,,笑い飯,,7,85
m1,2007,1,,POISON GIRL BAND,,1,85
m1,2007,1,,POISON GIRL BAND,,2,80
m1,2007,1,,POISON GIRL BAND,,3,84
m1,2007,1,,POISON GIRL BAND,,4,82
m1,2007,1,,POISON GIRL BAND,,5,81
m1,2007,1,,POISON GIRL BAND,,6,90
m1,2007,1,,POISON GIRL BAND,,7,75
m1,2007,1,,ザブングル,,1,82
m1,2007,1,,ザブングル,,2,84
m1,2007,1,,ザブングル,,3,79
m1,2007,1,,ザブングル,,4,84
m1,2007,1,,ザブングル,,5,92
m1,2007,1,,ザブングル,,6,90
m1,2007,1,,ザブングル,,7,86
m1,2007,1,,千鳥,,1,81
m1,2007,1,,千鳥,,2,81
m1,2007,1,,千鳥,,3,87
m1,2007,1,,千鳥,,4,80
m1,2007,1,,千鳥,,5,85
m1,2007,1,,千鳥,,6,80
m1,2007,1,,千鳥,,7,86
m1,2007,1,,トータルテンボス,,1,93
m1,2007,1,,トータルテンボス,,2,84
m1,2007,1,,トータルテンボス,,3,90
m1,2007,1,,トータルテンボス,,4,95
m1,2007,1,,トータルテンボス,,5,95
m1,2007,1,,トータルテンボス,,6,93
m1,2007,1,,トータルテンボス,,7,96
m1,2007,1,,キングコング,,1,91
m1,2007,1,,キングコング,,2,90
m1,2007,1,,キングコング,,3,88
m1,2007,1,,キングコング,,4,95
m1,2007,1,,キングコング,,5,97
m1,2007,1,,キングコング,,6,93
m1,2007,1,,キングコング,,7,96
m1,2007,1,,ハリセンボン,,1,86
m1,2007,1,,ハリセンボン,,2,85
m1,2007,1,,ハリセンボン,,3,86
m1,2007,1,,ハリセンボン,,4,84
m1,2007,1,,ハリセンボン,,5,93
m1,2007,1,,ハリセンボン,,6,88
m1,2007,1,,ハリセンボン,,7,86
m1,2007,1,,ダイアン,,1,84
m1,2007,1,,ダイアン,,2,82
m1,2007,1,,ダイアン,,3,81
m1,2007,1,,ダイアン,,4,86
m1,2007,1,,ダイアン,,5,89
m1,2007,1,,ダイアン,,6,85
m1,2007,1,,ダイアン,,7,86
m1,2007,1,,サンドウィッチマン,,1,92
m1,2007,1,,サンドウィッチマン,,2,84
m1,2007,1,,サンドウィッチマン,,3,92
m1,2007,1,,サンドウィッチマン,,4,95
m1,2007,1,,サンドウィッチマン,,5,95
m1,2007,1,,サンドウィッチマン,,6,95
m1,2007,1,,サンドウィッチマン,,7,98
m1,2006,2,,麒麟,,1,0
m1,2006,2,,麒麟,,2,0
m1,2006,2,,麒麟,,3,0
m1,2006,2,,麒麟,,4,0
m1,2006,2,,麒麟,,5,0
m1,2006,2,,麒麟,,6,0
m1,2006,2,,麒麟,,7,0
m1,2006,2,,フットボールアワー,,1,0
m1,2006,2,,フットボールアワー,,2,0
m1,2006,2,,フットボールアワー,,3,0
m1,2006,2,,フットボールアワー,,4,0
m1,2006,2,,フットボールアワー,,5,0
m1,2006,2,,フットボールアワー,,6,0
m1,2006,2,,フットボールアワー,,7,0
m1,2006,2,,チュートリアル,,1,1
m1,2006,2,,チュートリアル,,2,1
m1,2006,2,,チュートリアル,,3,1
m1,2006,2,,チュートリアル,,4,1
m1,2006,2,,チュートリアル,,5,1
m1,2006,2,,チュートリアル,,6,1
m1,2006,2,,チュートリアル,,7,1
m1,2006,1,,POISON GIRL BAND,,1,85
m1,2006,1,,POISON GIRL BAND,,2,83
m1,2006,1,,POISON GIRL BAND,,3,81
m1,2006,1,,POISON GIRL BAND,,4,75
m1,2006,1,,POISON GIRL BAND,,5,85
m1,2006,1,,POISON GIRL BAND,,6,85
m1,2006,1,,POISON GIRL BAND,,7,76
m1,2006,1,,フットボールアワー,,1,96
m1,2006,1,,フットボールアワー,,2,89
m1,2006,1,,フットボールアワー,,3,91
m1,2006,1,,フットボールアワー,,4,90
m1,2006,1,,フットボールアワー,,5,94
m1,2006,1,,フットボールアワー,,6,90
m1,2006,1,,フットボールアワー,,7,90
m1,2006,1,,ザ・プラン9,,1,93
m1,2006,1,,ザ・プラン9,,2,82
m1,2006,1,,ザ・プラン9,,3,90
m1,2006,1,,ザ・プラン9,,4,80
m1,2006,1,,ザ・プラン9,,5,89
m1,2006,1,,ザ・プラン9,,6,80
m1,2006,1,,ザ・プラン9,,7,83
m1,2006,1,,麒麟,,1,94
m1,2006,1,,麒麟,,2,86
m1,2006,1,,麒麟,,3,92
m1,2006,1,,麒麟,,4,89
m1,2006,1,,麒麟,,5,91
m1,2006,1,,麒麟,,6,87
m1,2006,1,,麒麟,,7,88
m1,2006,1,,トータルテンボス,,1,90
m1,2006,1,,トータルテンボス,,2,83
m1,2006,1,,トータルテンボス,,3,90
m1,2006,1,,トータルテンボス,,4,85
m1,2006,1,,トータルテンボス,,5,88
m1,2006,1,,トータルテンボス,,6,90
m1,2006,1,,トータルテンボス,,7,87
m1,2006,1,,チュートリアル,,1,97
m1,2006,1,,チュートリアル,,2,92
m1,2006,1,,チュートリアル,,3,98
m1,2006,1,,チュートリアル,,4,90
m1,2006,1,,チュートリアル,,5,95
m1,2006,1,,チュートリアル,,6,95
m1,2006,1,,チュートリアル,,7,97
m1,2006,1,,変ホ長調,,1,88
m1,2006,1,,変ホ長調,,2,83
m1,2006,1,,変ホ長調,,3,85
m1,2006,1,,変ホ長調,,4,79
m1,2006,1,,変ホ長調,,5,84
m1,2006,1,,変ホ長調,,6,75
m1,2006,1,,変ホ長調,,7,82
m1,2006,1,,笑い飯,,1,92
m1,2006,1,,笑い飯,,2,89
m1,2006,1,,笑い飯,,3,90
m1,2006,1,,笑い飯,,4,85
m1,2006,1,,笑い飯,,5,92
m1,2006,1,,笑い飯,,6,89
m1,2006,1,,笑い飯,,7,89
m1,2006,1,,ライセンス,,1,89
m1,2006,1,,ライセンス,,2,83
m1,2006,1,,ライセンス,,3,89
m1,2006,1,,ライセンス,,4,88
m1,2006,1,,ライセンス,,5,90
m1,2006,1,,ライセンス,,6,85
m1,2006,1,,ライセンス,,7,85
m1,2005,2,,麒麟,,1,0
m1,2005,2,,麒麟,,2,0
m1,2005,2,,麒麟,,3,0
m1,2005,2,,麒麟,,4,0
m1,2005,2,,麒麟,,5,0
m1,2005,2,,麒麟,,6,0
m1,2005,2,,麒麟,,7,0
m1,2005,2,,笑い飯,,1,0
m1,2005,2,,笑い飯,,2,1
m1,2005,2,,笑い飯,,3,1
m1,2005,2,,笑い飯,,4,1
m1,2005,2,,笑い飯,,5,0
m1,2005,2,,笑い飯,,6,0
m1,2005,2,,笑い飯,,7,0
m1,2005,2,,ブラックマヨネーズ,,1,1
m1,2005,2,,ブラックマヨネーズ,,2,0
m1,2005,2,,ブラックマヨネーズ,,3,0
m1,2005,2,,ブラックマヨネーズ,,4,0
m1,2005,2,,ブラックマヨネーズ,,5,1
m1,2005,2,,ブラックマヨネーズ,,6,1
m1,2005,2,,ブラックマヨネーズ,,7,1
m1,2005,1,,笑い飯,,1,95
m1,2005,1,,笑い飯,,2,92
m1,2005,1,,笑い飯,,3,91
m1,2005,1,,笑い飯,,4,85
m1,2005,1,,笑い飯,,5,90
m1,2005,1,,笑い飯,,6,95
m1,2005,1,,笑い飯,,7,85
m1,2005,1,,アジアン,,1,90
m1,2005,1,,アジアン,,2,86
m1,2005,1,,アジアン,,3,81
m1,2005,1,,アジアン,,4,82
m1,2005,1,,アジアン,,5,80
m1,2005,1,,アジアン,,6,70
m1,2005,1,,アジアン,,7,75
m1,2005,1,,南海キャンディーズ,,1,88
m1,2005,1,,南海キャンディーズ,,2,80
m1,2005,1,,南海キャンディーズ,,3,79
m1,2005,1,,南海キャンディーズ,,4,79
m1,2005,1,,南海キャンディーズ,,5,79
m1,2005,1,,南海キャンディーズ,,6,75
m1,2005,1,,南海キャンディーズ,,7,72
m1,2005,1,,チュートリアル,,1,91
m1,2005,1,,チュートリアル,,2,95
m1,2005,1,,チュートリアル,,3,86
m1,2005,1,,チュートリアル,,4,84
m1,2005,1,,チュートリアル,,5,86
m1,2005,1,,チュートリアル,,6,95
m1,2005,1,,チュートリアル,,7,85
m1,2005,1,,ブラックマヨネーズ,,1,96
m1,2005,1,,ブラックマヨネーズ,,2,94
m1,2005,1,,ブラックマヨネーズ,,3,96
m1,2005,1,,ブラックマヨネーズ,,4,90
m1,2005,1,,ブラックマヨネーズ,,5,93
m1,2005,1,,ブラックマヨネーズ,,6,95
m1,2005,1,,ブラックマヨネーズ,,7,95
m1,2005,1,,品川庄司,,1,89
m1,2005,1,,品川庄司,,2,91
m1,2005,1,,品川庄司,,3,95
m1,2005,1,,品川庄司,,4,89
m1,2005,1,,品川庄司,,5,87
m1,2005,1,,品川庄司,,6,90
m1,2005,1,,品川庄司,,7,85
m1,2005,1,,タイムマシーン3号,,1,88
m1,2005,1,,タイムマシーン3号,,2,85
m1,2005,1,,タイムマシーン3号,,3,82
m1,2005,1,,タイムマシーン3号,,4,82
m1,2005,1,,タイムマシーン3号,,5,83
m1,2005,1,,タイムマシーン3号,,6,75
m1,2005,1,,タイムマシーン3号,,7,76
m1,2005,1,,麒麟,,1,97
m1,2005,1,,麒麟,,2,95
m1,2005,1,,麒麟,,3,95
m1,2005,1,,麒麟,,4,90
m1,2005,1,,麒麟,,5,91
m1,2005,1,,麒麟,,6,90
m1,2005,1,,麒麟,,7,88
m1,2005,1,,千鳥,,1,93
m1,2005,1,,千鳥,,2,89
m1,2005,1,,千鳥,,3,86
m1,2005,1,,千鳥,,4,88
m1,2005,1,,千鳥,,5,89
m1,2005,1,,千鳥,,6,80
m1,2005,1,,千鳥,,7,82
m1,2004,2,,アンタッチャブル,,1,0
m1,2004,2,,アンタッチャブル,,2,1
m1,2004,2,,アンタッチャブル,,3,1
m1,2004,2,,アンタッチャブル,,4,1
m1,2004,2,,アンタッチャブル,,5,1
m1,2004,2,,アンタッチャブル,,6,1
m1,2004,2,,アンタッチャブル,,7,1
m1,2004,2,,麒麟,,1,0
m1,2004,2,,麒麟,,2,0
m1,2004,2,,麒麟,,3,0
m1,2004,2,,麒麟,,4,0
m1,2004,2,,麒麟,,5,0
m1,2004,2,,麒麟,,6,0
m1,2004,2,,麒麟,,7,0
m1,2004,2,,南海キャンディーズ,,1,1
m1,2004,2,,南海キャンディーズ,,2,0
m1,2004,2,,南海キャンディーズ,,3,0
m1,2004,2,,南海キャンディーズ,,4,0
m1,2004,2,,南海キャンディーズ,,5,0
m1,2004,2,,南海キャンディーズ,,6,0
m1,2004,2,,南海キャンディーズ,,7,0
m1,2004,1,,千鳥,,1,93
m1,2004,1,,千鳥,,2,82
m1,2004,1,,千鳥,,3,82
m1,2004,1,,千鳥,,4,78
m1,2004,1,,千鳥,,5,81
m1,2004,1,,千鳥,,6,83
m1,2004,1,,千鳥,,7,83
m1,2004,1,,タカアンドトシ,,1,95
m1,2004,1,,タカアンドトシ,,2,90
m1,2004,1,,タカアンドトシ,,3,85
m1,2004,1,,タカアンドトシ,,4,91
m1,2004,1,,タカアンドトシ,,5,82
m1,2004,1,,タカアンドトシ,,6,86
m1,2004,1,,タカアンドトシ,,7,86
m1,2004,1,,東京ダイナマイト,,1,89
m1,2004,1,,東京ダイナマイト,,2,86
m1,2004,1,,東京ダイナマイト,,3,87
m1,2004,1,,東京ダイナマイト,,4,83
m1,2004,1,,東京ダイナマイト,,5,76
m1,2004,1,,東京ダイナマイト,,6,80
m1,2004,1,,東京ダイナマイト,,7,82
m1,2004,1,,トータルテンボス,,1,88
m1,2004,1,,トータルテンボス,,2,88
m1,2004,1,,トータルテンボス,,3,84
m1,2004,1,,トータルテンボス,,4,84
m1,2004,1,,トータルテンボス,,5,79
m1,2004,1,,トータルテンボス,,6,84
m1,2004,1,,トータルテンボス,,7,80
m1,2004,1,,南海キャンディーズ,,1,94
m1,2004,1,,南海キャンディーズ,,2,95
m1,2004,1,,南海キャンディーズ,,3,90
m1,2004,1,,南海キャンディーズ,,4,92
m1,2004,1,,南海キャンディーズ,,5,86
m1,2004,1,,南海キャンディーズ,,6,92
m1,2004,1,,南海キャンディーズ,,7,90
m1,2004,1,,POISON GIRL BAND,,1,90
m1,2004,1,,POISON GIRL BAND,,2,89
m1,2004,1,,POISON GIRL BAND,,3,88
m1,2004,1,,POISON GIRL BAND,,4,81
m1,2004,1,,POISON GIRL BAND,,5,83
m1,2004,1,,POISON GIRL BAND,,6,85
m1,2004,1,,POISON GIRL BAND,,7,87
m1,2004,1,,笑い飯,,1,95
m1,2004,1,,笑い飯,,2,89
m1,2004,1,,笑い飯,,3,85
m1,2004,1,,笑い飯,,4,91
m1,2004,1,,笑い飯,,5,82
m1,2004,1,,笑い飯,,6,89
m1,2004,1,,笑い飯,,7,84
m1,2004,1,,アンタッチャブル,,1,97
m1,2004,1,,アンタッチャブル,,2,96
m1,2004,1,,アンタッチャブル,,3,95
m1,2004,1,,アンタッチャブル,,4,97
m1,2004,1,,アンタッチャブル,,5,95
m1,2004,1,,アンタッチャブル,,6,96
m1,2004,1,,アンタッチャブル,,7,97
m1,2004,1,,麒麟,,1,96
m1,2004,1,,麒麟,,2,92
m1,2004,1,,麒麟,,3,88
m1,2004,1,,麒麟,,4,92
m1,2004,1,,麒麟,,5,89
m1,2004,1,,麒麟,,6,88
m1,2004,1,,麒麟,,7,89
m1,2003,2,,笑い飯,,1,0
m1,2003,2,,笑い飯,,2,0
m1,2003,2,,笑い飯,,3,0
m1,2003,2,,笑い飯,,4,0
m1,2003,2,,笑い飯,,5,1
m1,2003,2,,笑い飯,,6,1
m1,2003,2,,笑い飯,,7,1
m1,2003,2,,アンタッチャブル,,1,0
m1,2003,2,,アンタッチャブル,,2,0
m1,2003,2,,アンタッチャブル,,3,0
m1,2003,2,,アンタッチャブル,,4,0
m1,2003,2,,アンタッチャブル,,5,0
m1,2003,2,,アンタッチャブル,,6,0
m1,2003,2,,アンタッチャブル,,7,0
m1,2003,2,,フットボールアワー,,1,1
m1,2003,2,,フットボールアワー,,2,1
m1,2003,2,,フットボールアワー,,3,1
m1,2003,2,,フットボールアワー,,4,1
m1,2003,2,,フットボールアワー,,5,0
m1,2003,2,,フットボールアワー,,6,0
m1,2003,2,,フットボールアワー,,7,0
m1,2003,1,,千鳥,,1,80
m1,2003,1,,千鳥,,2,79
m1,2003,1,,千鳥,,3,84
m1,2003,1,,千鳥,,4,75
m1,2003,1,,千鳥,,5,82
m1,2003,1,,千鳥,,6,70
m1,2003,1,,千鳥,,7,82
m1,2003,1,,麒麟,,1,82
m1,2003,1,,麒麟,,2,75
m1,2003,1,,麒麟,,3,78
m1,2003,1,,麒麟,,4,84
m1,2003,1,,麒麟,,5,76
m1,2003,1,,麒麟,,6,75
m1,2003,1,,麒麟,,7,84
m1,2003,1,,スピードワゴン,,1,79
m1,2003,1,,スピードワゴン,,2,82
m1,2003,1,,スピードワゴン,,3,86
m1,2003,1,,スピードワゴン,,4,85
m1,2003,1,,スピードワゴン,,5,81
m1,2003,1,,スピードワゴン,,6,74
m1,2003,1,,スピードワゴン,,7,85
m1,2003,1,,笑い飯,,1,95
m1,2003,1,,笑い飯,,2,90
m1,2003,1,,笑い飯,,3,92
m1,2003,1,,笑い飯,,4,95
m1,2003,1,,笑い飯,,5,90
m1,2003,1,,笑い飯,,6,95
m1,2003,1,,笑い飯,,7,99
m1,2003,1,,2丁拳銃,,1,86
m1,2003,1,,2丁拳銃,,2,83
m1,2003,1,,2丁拳銃,,3,86
m1,2003,1,,2丁拳銃,,4,95
m1,2003,1,,2丁拳銃,,5,87
m1,2003,1,,2丁拳銃,,6,80
m1,2003,1,,2丁拳銃,,7,91
m1,2003,1,,アメリカザリガニ,,1,81
m1,2003,1,,アメリカザリガニ,,2,76
m1,2003,1,,アメリカザリガニ,,3,83
m1,2003,1,,アメリカザリガニ,,4,90
m1,2003,1,,アメリカザリガニ,,5,84
m1,2003,1,,アメリカザリガニ,,6,70
m1,2003,1,,アメリカザリガニ,,7,80
m1,2003,1,,フットボールアワー,,1,98
m1,2003,1,,フットボールアワー,,2,89
m1,2003,1,,フットボールアワー,,3,95
m1,2003,1,,フットボールアワー,,4,97
m1,2003,1,,フットボールアワー,,5,89
m1,2003,1,,フットボールアワー,,6,97
m1,2003,1,,フットボールアワー,,7,98
m1,2003,1,,りあるキッズ,,1,84
m1,2003,1,,りあるキッズ,,2,83
m1,2003,1,,りあるキッズ,,3,85
m1,2003,1,,りあるキッズ,,4,93
m1,2003,1,,りあるキッズ,,5,81
m1,2003,1,,りあるキッズ,,6,85
m1,2003,1,,りあるキッズ,,7,90
m1,2003,1,,アンタッチャブル,,1,86
m1,2003,1,,アンタッチャブル,,2,87
m1,2003,1,,アンタッチャブル,,3,92
m1,2003,1,,アンタッチャブル,,4,90
m1,2003,1,,アンタッチャブル,,5,85
m1,2003,1,,アンタッチャブル,,6,84
m1,2003,1,,アンタッチャブル,,7,92
m1,2002,2,,フットボールアワー,,1,0
m1,2002,2,,フットボールアワー,,2,0
m1,2002,2,,フットボールアワー,,3,0
m1,2002,2,,フットボールアワー,,4,0
m1,2002,2,,フットボールアワー,,5,1
m1,2002,2,,フットボールアワー,,6,1
m1,2002,2,,フットボールアワー,,7,0
m1,2002,2,,笑い飯,,1,0
m1,2002,2,,笑い飯,,2,0
m1,2002,2,,笑い飯,,3,0
m1,2002,2,,笑い飯,,4,0
m1,2002,2,,笑い飯,,5,0
m1,2002,2,,笑い飯,,6,0
m1,2002,2,,笑い飯,,7,0
m1,2002,2,,ますだおかだ,,1,1
m1,2002,2,,ますだおかだ,,2,1
m1,2002,2,,ますだおかだ,,3,1
m1,2002,2,,ますだおかだ,,4,1
m1,2002,2,,ますだおかだ,,5,0
m1,2002,2,,ますだおかだ,,6,0
m1,2002,2,,ますだおかだ,,7,1
m1,2002,1,,ハリガネロック,,1,70
m1,2002,1,,ハリガネロック,,2,85
m1,2002,1,,ハリガネロック,,3,86
m1,2002,1,,ハリガネロック,,4,81
m1,2002,1,,ハリガネロック,,5,83
m1,2002,1,,ハリガネロック,,6,65
m1,2002,1,,ハリガネロック,,7,75
m1,2002,1,,ますだおかだ,,1,80
m1,2002,1,,ますだおかだ,,2,95
m1,2002,1,,ますだおかだ,,3,96
m1,2002,1,,ますだおかだ,,4,90
m1,2002,1,,ますだおかだ,,5,92
m1,2002,1,,ますだおかだ,,6,70
m1,2002,1,,ますだおかだ,,7,89
m1,2002,1,,ダイノジ,,1,70
m1,2002,1,,ダイノジ,,2,84
m1,2002,1,,ダイノジ,,3,81
m1,2002,1,,ダイノジ,,4,78
m1,2002,1,,ダイノジ,,5,78
m1,2002,1,,ダイノジ,,6,60
m1,2002,1,,ダイノジ,,7,83
m1,2002,1,,テツandトモ,,1,70
m1,2002,1,,テツandトモ,,2,90
m1,2002,1,,テツandトモ,,3,79
m1,2002,1,,テツandトモ,,4,82
m1,2002,1,,テツandトモ,,5,77
m1,2002,1,,テツandトモ,,6,65
m1,2002,1,,テツandトモ,,7,76
m1,2002,1,,フットボールアワー,,1,70
m1,2002,1,,フットボールアワー,,2,97
m1,2002,1,,フットボールアワー,,3,94
m1,2002,1,,フットボールアワー,,4,95
m1,2002,1,,フットボールアワー,,5,91
m1,2002,1,,フットボールアワー,,6,85
m1,2002,1,,フットボールアワー,,7,89
m1,2002,1,,笑い飯,,1,70
m1,2002,1,,笑い飯,,2,83
m1,2002,1,,笑い飯,,3,84
m1,2002,1,,笑い飯,,4,84
m1,2002,1,,笑い飯,,5,80
m1,2002,1,,笑い飯,,6,80
m1,2002,1,,笑い飯,,7,86
m1,2002,1,,おぎやはぎ,,1,80
m1,2002,1,,おぎやはぎ,,2,82
m1,2002,1,,おぎやはぎ,,3,85
m1,2002,1,,おぎやはぎ,,4,79
m1,2002,1,,おぎやはぎ,,5,79
m1,2002,1,,おぎやはぎ,,6,80
m1,2002,1,,おぎやはぎ,,7,76
m1,2002,1,,アメリカザリガニ,,1,70
m1,2002,1,,アメリカザリガニ,,2,83
m1,2002,1,,アメリカザリガニ,,3,83
m1,2002,1,,アメリカザリガニ,,4,78
m1,2002,1,,アメリカザリガニ,,5,78
m1,2002,1,,アメリカザリガニ,,6,60
m1,2002,1,,アメリカザリガニ,,7,73
m1,2002,1,,スピードワゴン,,1,50
m1,2002,1,,スピードワゴン,,2,85
m1,2002,1,,スピードワゴン,,3,86
m1,2002,1,,スピードワゴン,,4,86
m1,2002,1,,スピードワゴン,,5,80
m1,2002,1,,スピードワゴン,,6,75
m1,2002,1,,スピードワゴン,,7,73
m1,2001,2,,中川家,,1,0
m1,2001,2,,中川家,,2,1
m1,2001,2,,中川家,,3,1
m1,2001,2,,中川家,,4,1
m1,2001,2,,中川家,,5,1
m1,2001,2,,中川家,,6,1
m1,2001,2,,中川家,,7,1
m1,2001,2,,ハリガネロック,,1,1
m1,2001,2,,ハリガネロック,,2,0
m1,2001,2,,ハリガネロック,,3,0
m1,2001,2,,ハリガネロック,,4,0
m1,2001,2,,ハリガネロック,,5,0
m1,2001,2,,ハリガネロック,,6,0
m1,2001,2,,ハリガネロック,,7,0
m1,2001,1,,中川家,,1,91
m1,2001,1,,中川家,,2,90
m1,2001,1,,中川家,,3,90
m1,2001,1,,中川家,,4,90
m1,2001,1,,中川家,,5,85
m1,2001,1,,中川家,,6,70
m1,2001,1,,中川家,,7,80
m1,2001,1,,中川家,,8,65
m1,2001,1,,中川家,,9,89
m1,2001,1,,中川家,,10,79
m1,2001,1,,フットボールアワー,,1,90
m1,2001,1,,フットボールアワー,,2,80
m1,2001,1,,フットボールアワー,,3,80
m1,2001,1,,フットボールアワー,,4,82
m1,2001,1,,フットボールアワー,,5,82
m1,2001,1,,フットボールアワー,,6,55
m1,2001,1,,フットボールアワー,,7,66
m1,2001,1,,フットボールアワー,,8,62
m1,2001,1,,フットボールアワー,,9,83
m1,2001,1,,フットボールアワー,,10,46
m1,2001,1,,チュートリアル,,1,80
m1,2001,1,,チュートリアル,,2,75
m1,2001,1,,チュートリアル,,3,75
m1,2001,1,,チュートリアル,,4,68
m1,2001,1,,チュートリアル,,5,75
m1,2001,1,,チュートリアル,,6,50
m1,2001,1,,チュートリアル,,7,60
m1,2001,1,,チュートリアル,,8,38
m1,2001,1,,チュートリアル,,9,67
m1,2001,1,,チュートリアル,,10,49
m1,2001,1,,アメリカザリガニ,,1,88
m1,2001,1,,アメリカザリガニ,,2,85
m1,2001,1,,アメリカザリガニ,,3,80
m1,2001,1,,アメリカザリガニ,,4,92
m1,2001,1,,アメリカザリガニ,,5,84
m1,2001,1,,アメリカザリガニ,,6,65
m1,2001,1,,アメリカザリガニ,,7,74
m1,2001,1,,アメリカザリガニ,,8,84
m1,2001,1,,アメリカザリガニ,,9,57
m1,2001,1,,アメリカザリガニ,,10,87
m1,2001,1,,おぎやはぎ,,1,77
m1,2001,1,,おぎやはぎ,,2,80
m1,2001,1,,おぎやはぎ,,3,75
m1,2001,1,,おぎやはぎ,,4,82
m1,2001,1,,おぎやはぎ,,5,73
m1,2001,1,,おぎやはぎ,,6,60
m1,2001,1,,おぎやはぎ,,7,50
m1,2001,1,,おぎやはぎ,,8,22
m1,2001,1,,おぎやはぎ,,9,9
m1,2001,1,,おぎやはぎ,,10,12
m1,2001,1,,キングコング,,1,95
m1,2001,1,,キングコング,,2,75
m1,2001,1,,キングコング,,3,70
m1,2001,1,,キングコング,,4,76
m1,2001,1,,キングコング,,5,83
m1,2001,1,,キングコング,,6,55
m1,2001,1,,キングコング,,7,74
m1,2001,1,,キングコング,,8,64
m1,2001,1,,キングコング,,9,55
m1,2001,1,,キングコング,,10,60
m1,2001,1,,麒麟,,1,79
m1,2001,1,,麒麟,,2,75
m1,2001,1,,麒麟,,3,65
m1,2001,1,,麒麟,,4,90
m1,2001,1,,麒麟,,5,83
m1,2001,1,,麒麟,,6,75
m1,2001,1,,麒麟,,7,75
m1,2001,1,,麒麟,,8,54
m1,2001,1,,麒麟,,9,82
m1,2001,1,,麒麟,,10,63
m1,2001,1,,ますだおかだ,,1,95
m1,2001,1,,ますだおかだ,,2,80
m1,2001,1,,ますだおかだ,,3,80
m1,2001,1,,ますだおかだ,,4,88
m1,2001,1,,ますだおかだ,,5,84
m1,2001,1,,ますだおかだ,,6,70
m1,2001,1,,ますだおかだ,,7,78
m1,2001,1,,ますだおかだ,,8,75
m1,2001,1,,ますだおかだ,,9,52
m1,2001,1,,ますだおかだ,,10,68
m1,2001,1,,DonDokoDon,,1,75
m1,2001,1,,DonDokoDon,,2,85
m1,2001,1,,DonDokoDon,,3,65
m1,2001,1,,DonDokoDon,,4,82
m1,2001,1,,DonDokoDon,,5,84
m1,2001,1,,DonDokoDon,,6,65
m1,2001,1,,DonDokoDon,,7,64
m1,2001,1,,DonDokoDon,,8,47
m1,2001,1,,DonDokoDon,,9,18
m1,2001,1,,DonDokoDon,,10,29
m1,2001,1,,ハリガネロック,,1,95
m1,2001,1,,ハリガネロック,,2,90
m1,2001,1,,ハリガネロック,,3,70
m1,2001,1,,ハリガネロック,,4,92
m1,2001,1,,ハリガネロック,,5,85
m1,2001,1,,ハリガネロック,,6,60
m1,2001,1,,ハリガネロック,,7,75
m1,2001,1,,ハリガネロック,,8,85
m1,2001,1,,ハリガネロック,,9,85
m1,2001,1,,ハリガネロック,,10,72
koc,2025,1,,青色1号,,1,92
koc,2025,1,,青色1号,,2,91
koc,2025,1,,青色1号,,3,94
koc,2025,1,,青色1号,,4,89
koc,2025,1,,青色1号,,5,92
koc,2025,1,,うるとらブギーズ,,1,88
koc,2025,1,,うるとらブギーズ,,2,91
koc,2025,1,,うるとらブギーズ,,3,90
koc,2025,1,,うるとらブギーズ,,4,88
koc,2025,1,,うるとらブギーズ,,5,91
koc,2025,1,,元祖いちごちゃん,,1,92
koc,2025,1,,元祖いちごちゃん,,2,90
koc,2025,1,,元祖いちごちゃん,,3,89
koc,2025,1,,元祖いちごちゃん,,4,87
koc,2025,1,,元祖いちごちゃん,,5,89
koc,2025,1,,しずる,,1,88
koc,2025,1,,しずる,,2,92
koc,2025,1,,しずる,,3,96
koc,2025,1,,しずる,,4,93
koc,2025,1,,しずる,,5,88
koc,2025,1,,トム・ブラウン,,1,90
koc,2025,1,,トム・ブラウン,,2,94
koc,2025,1,,トム・ブラウン,,3,92
koc,2025,1,,トム・ブラウン,,4,86
koc,2025,1,,トム・ブラウン,,5,89
koc,2025,1,,ファイヤーサンダー,,1,90
koc,2025,1,,ファイヤーサンダー,,2,90
koc,2025,1,,ファイヤーサンダー,,3,91
koc,2025,1,,ファイヤーサンダー,,4,92
koc,2025,1,,ファイヤーサンダー,,5,94
koc,2025,1,,ベルナルド,,1,91
koc,2025,1,,ベルナルド,,2,89
koc,2025,1,,ベルナルド,,3,90
koc,2025,1,,ベルナルド,,4,85
koc,2025,1,,ベルナルド,,5,90
koc,2025,1,,や団,,1,96
koc,2025,1,,や団,,2,93
koc,2025,1,,や団,,3,97
koc,2025,1,,や団,,4,94
koc,2025,1,,や団,,5,93
koc,2025,1,,レインボー,,1,94
koc,2025,1,,レインボー,,2,97
koc,2025,1,,レインボー,,3,93
koc,2025,1,,レインボー,,4,90
koc,2025,1,,レインボー,,5,90
koc,2025,1,,ロングコートダディ,,1,94
koc,2025,1,,ロングコートダディ,,2,95
koc,2025,1,,ロングコートダディ,,3,95
koc,2025,1,,ロングコートダディ,,4,95
koc,2025,1,,ロングコートダディ,,5,95
koc,2025,2,,ロングコートダディ,,1,97
koc,2025,2,,ロングコートダディ,,2,97
koc,2025,2,,ロングコートダディ,,3,92
koc,2025,2,,ロングコートダディ,,4,91
koc,2025,2,,ロングコートダディ,,5,94
koc,2025,2,,や団,,1,92
koc,2025,2,,や団,,2,94
koc,2025,2,,や団,,3,93
koc,2025,2,,や団,,4,92
koc,2025,2,,や団,,5,93
koc,2025,2,,レインボー,,1,91
koc,2025,2,,レインボー,,2,92
koc,2025,2,,レインボー,,3,90
koc,2025,2,,レインボー,,4,89
koc,2025,2,,レインボー,,5,92
koc,2024,1,,ラブレターズ,,1,95
koc,2024,1,,ラブレターズ,,2,95
koc,2024,1,,ラブレターズ,,3,94
koc,2024,1,,ラブレターズ,,4,96
koc,2024,1,,ラブレターズ,,5,95
koc,2024,1,,隣人,,1,92
koc,2024,1,,隣人,,2,91
koc,2024,1,,隣人,,3,92
koc,2024,1,,隣人,,4,92
koc,2024,1,,隣人,,5,91
koc,2024,1,,cacao,,1,94
koc,2024,1,,cacao,,2,91
koc,2024,1,,cacao,,3,93
koc,2024,1,,cacao,,4,95
koc,2024,1,,cacao,,5,95
koc,2024,1,,ファイヤーサンダー,,1,95
koc,2024,1,,ファイヤーサンダー,,2,95
koc,2024,1,,ファイヤーサンダー,,3,94
koc,2024,1,,ファイヤーサンダー,,4,94
koc,2024,1,,ファイヤーサンダー,,5,98
koc,2024,1,,ニッポンの社長,,1,92
koc,2024,1,,ニッポンの社長,,2,93
koc,2024,1,,ニッポンの社長,,3,95
koc,2024,1,,ニッポンの社長,,4,96
koc,2024,1,,ニッポンの社長,,5,92
koc,2024,1,,コットン,,1,91
koc,2024,1,,コットン,,2,91
koc,2024,1,,コットン,,3,93
koc,2024,1,,コットン,,4,93
koc,2024,1,,コットン,,5,93
koc,2024,1,,や団,,1,96
koc,2024,1,,や団,,2,94
koc,2024,1,,や団,,3,96
koc,2024,1,,や団,,4,96
koc,2024,1,,や団,,5,92
koc,2024,1,,シティホテル3号室,,1,93
koc,2024,1,,シティホテル3号室,,2,92
koc,2024,1,,シティホテル3号室,,3,94
koc,2024,1,,シティホテル3号室,,4,95
koc,2024,1,,シティホテル3号室,,5,97
koc,2024,1,,ダンビラムーチョ,,1,94
koc,2024,1,,ダンビラムーチョ,,2,94
koc,2024,1,,ダンビラムーチョ,,3,95
koc,2024,1,,ダンビラムーチョ,,4,93
koc,2024,1,,ダンビラムーチョ,,5,93
koc,2024,1,,ロングコートダディ,,1,96
koc,2024,1,,ロングコートダディ,,2,95
koc,2024,1,,ロングコートダディ,,3,94
koc,2024,1,,ロングコートダディ,,4,94
koc,2024,1,,ロングコートダディ,,5,96
koc,2024,2,,ラブレターズ,,1,94
koc,2024,2,,ラブレターズ,,2,96
koc,2024,2,,ラブレターズ,,3,95
koc,2024,2,,ラブレターズ,,4,94
koc,2024,2,,ラブレターズ,,5,93
koc,2024,2,,ロングコートダディ,,1,95
koc,2024,2,,ロングコートダディ,,2,95
koc,2024,2,,ロングコートダディ,,3,96
koc,2024,2,,ロングコートダディ,,4,93
koc,2024,2,,ロングコートダディ,,5,92
koc,2024,2,,ファイヤーサンダー,,1,93
koc,2024,2,,ファイヤーサンダー,,2,94
koc,2024,2,,ファイヤーサンダー,,3,93
koc,2024,2,,ファイヤーサンダー,,4,95
koc,2024,2,,ファイヤーサンダー,,5,94
koc,2023,1,,カゲヤマ,,1,95
koc,2023,1,,カゲヤマ,,2,95
koc,2023,1,,カゲヤマ,,3,92
koc,2023,1,,カゲヤマ,,4,92
koc,2023,1,,カゲヤマ,,5,95
koc,2023,1,,ニッポンの社長,,1,90
koc,2023,1,,ニッポンの社長,,2,94
koc,2023,1,,ニッポンの社長,,3,94
koc,2023,1,,ニッポンの社長,,4,94
koc,2023,1,,ニッポンの社長,,5,96
koc,2023,1,,や団,,1,92
koc,2023,1,,や団,,2,93
koc,2023,1,,や団,,3,93
koc,2023,1,,や団,,4,94
koc,2023,1,,や団,,5,93
koc,2023,1,,蛙亭,,1,92
koc,2023,1,,蛙亭,,2,94
koc,2023,1,,蛙亭,,3,90
koc,2023,1,,蛙亭,,4,93
koc,2023,1,,蛙亭,,5,94
koc,2023,1,,ジグザグジギー,,1,93
koc,2023,1,,ジグザグジギー,,2,94
koc,2023,1,,ジグザグジギー,,3,93
koc,2023,1,,ジグザグジギー,,4,91
koc,2023,1,,ジグザグジギー,,5,93
koc,2023,1,,ゼンモンキー,,1,92
koc,2023,1,,ゼンモンキー,,2,91
koc,2023,1,,ゼンモンキー,,3,90
koc,2023,1,,ゼンモンキー,,4,91
koc,2023,1,,ゼンモンキー,,5,92
koc,2023,1,,隣人,,1,91
koc,2023,1,,隣人,,2,92
koc,2023,1,,隣人,,3,91
koc,2023,1,,隣人,,4,92
koc,2023,1,,隣人,,5,94
koc,2023,1,,ファイヤーサンダー,,1,94
koc,2023,1,,ファイヤーサンダー,,2,94
koc,2023,1,,ファイヤーサンダー,,3,91
koc,2023,1,,ファイヤーサンダー,,4,95
koc,2023,1,,ファイヤーサンダー,,5,92
koc,2023,1,,サルゴリラ,,1,97
koc,2023,1,,サルゴリラ,,2,96
koc,2023,1,,サルゴリラ,,3,96
koc,2023,1,,サルゴリラ,,4,96
koc,2023,1,,サルゴリラ,,5,97
koc,2023,1,,ラブレターズ,,1,92
koc,2023,1,,ラブレターズ,,2,93
koc,2023,1,,ラブレターズ,,3,93
koc,2023,1,,ラブレターズ,,4,93
koc,2023,1,,ラブレターズ,,5,93
koc,2023,2,,ニッポンの社長,,1,93
koc,2023,2,,ニッポンの社長,,2,95
koc,2023,2,,ニッポンの社長,,3,94
koc,2023,2,,ニッポンの社長,,4,91
koc,2023,2,,ニッポンの社長,,5,93
koc,2023,2,,カゲヤマ,,1,94
koc,2023,2,,カゲヤマ,,2,96
koc,2023,2,,カゲヤマ,,3,95
koc,2023,2,,カゲヤマ,,4,96
koc,2023,2,,カゲヤマ,,5,95
koc,2023,2,,サルゴリラ,,1,95
koc,2023,2,,サルゴリラ,,2,97
koc,2023,2,,サルゴリラ,,3,97
koc,2023,2,,サルゴリラ,,4,97
koc,2023,2,,サルゴリラ,,5,96
koc,2022,1,,クロコップ,,1,90
koc,2022,1,,クロコップ,,2,93
koc,2022,1,,クロコップ,,3,94
koc,2022,1,,クロコップ,,4,90
koc,2022,1,,クロコップ,,5,93
koc,2022,1,,ネルソンズ,,1,96
koc,2022,1,,ネルソンズ,,2,92
koc,2022,1,,ネルソンズ,,3,92
koc,2022,1,,ネルソンズ,,4,94
koc,2022,1,,ネルソンズ,,5,92
koc,2022,1,,かが屋,,1,94
koc,2022,1,,かが屋,,2,93
koc,2022,1,,かが屋,,3,93
koc,2022,1,,かが屋,,4,92
koc,2022,1,,かが屋,,5,91
koc,2022,1,,いぬ,,1,91
koc,2022,1,,いぬ,,2,94
koc,2022,1,,いぬ,,3,90
koc,2022,1,,いぬ,,4,89
koc,2022,1,,いぬ,,5,95
koc,2022,1,,ロングコートダディ,,1,92
koc,2022,1,,ロングコートダディ,,2,95
koc,2022,1,,ロングコートダディ,,3,92
koc,2022,1,,ロングコートダディ,,4,92
koc,2022,1,,ロングコートダディ,,5,90
koc,2022,1,,や団,,1,93
koc,2022,1,,や団,,2,95
koc,2022,1,,や団,,3,93
koc,2022,1,,や団,,4,95
koc,2022,1,,や団,,5,94
koc,2022,1,,コットン,,1,96
koc,2022,1,,コットン,,2,96
koc,2022,1,,コットン,,3,91
koc,2022,1,,コットン,,4,91
koc,2022,1,,コットン,,5,96
koc,2022,1,,ビスケットブラザーズ,,1,95
koc,2022,1,,ビスケットブラザーズ,,2,96
koc,2022,1,,ビスケットブラザーズ,,3,97
koc,2022,1,,ビスケットブラザーズ,,4,95
koc,2022,1,,ビスケットブラザーズ,,5,98
koc,2022,1,,ニッポンの社長,,1,89
koc,2022,1,,ニッポンの社長,,2,93
koc,2022,1,,ニッポンの社長,,3,92
koc,2022,1,,ニッポンの社長,,4,91
koc,2022,1,,ニッポンの社長,,5,90
koc,2022,1,,最高の人間,,1,91
koc,2022,1,,最高の人間,,2,92
koc,2022,1,,最高の人間,,3,93
koc,2022,1,,最高の人間,,4,93
koc,2022,1,,最高の人間,,5,93
koc,2022,2,,や団,,1,95
koc,2022,2,,や団,,2,94
koc,2022,2,,や団,,3,94
koc,2022,2,,や団,,4,96
koc,2022,2,,や団,,5,94
koc,2022,2,,コットン,,1,96
koc,2022,2,,コットン,,2,95
koc,2022,2,,コットン,,3,95
koc,2022,2,,コットン,,4,95
koc,2022,2,,コットン,,5,93
koc,2022,2,,ビスケットブラザーズ,,1,95
koc,2022,2,,ビスケットブラザーズ,,2,96
koc,2022,2,,ビスケットブラザーズ,,3,96
koc,2022,2,,ビスケットブラザーズ,,4,97
koc,2022,2,,ビスケットブラザーズ,,5,98
koc,2021,1,,蛙亭,,1,93
koc,2021,1,,蛙亭,,2,90
koc,2021,1,,蛙亭,,3,93
koc,2021,1,,蛙亭,,4,93
koc,2021,1,,蛙亭,,5,92
koc,2021,1,,ジェラードン,,1,90
koc,2021,1,,ジェラードン,,2,96
koc,2021,1,,ジェラードン,,3,92
koc,2021,1,,ジェラードン,,4,91
koc,2021,1,,ジェラードン,,5,93
koc,2021,1,,男性ブランコ,,1,96
koc,2021,1,,男性ブランコ,,2,96
koc,2021,1,,男性ブランコ,,3,94
koc,2021,1,,男性ブランコ,,4,95
koc,2021,1,,男性ブランコ,,5,91
koc,2021,1,,うるとらブギーズ,,1,90
koc,2021,1,,うるとらブギーズ,,2,93
koc,2021,1,,うるとらブギーズ,,3,93
koc,2021,1,,うるとらブギーズ,,4,94
koc,2021,1,,うるとらブギーズ,,5,90
koc,2021,1,,ニッポンの社長,,1,95
koc,2021,1,,ニッポンの社長,,2,95
koc,2021,1,,ニッポンの社長,,3,94
koc,2021,1,,ニッポンの社長,,4,90
koc,2021,1,,ニッポンの社長,,5,89
koc,2021,1,,そいつどいつ,,1,92
koc,2021,1,,そいつどいつ,,2,89
koc,2021,1,,そいつどいつ,,3,91
koc,2021,1,,そいつどいつ,,4,89
koc,2021,1,,そいつどいつ,,5,95
koc,2021,1,,ニューヨーク,,1,91
koc,2021,1,,ニューヨーク,,2,90
koc,2021,1,,ニューヨーク,,3,90
koc,2021,1,,ニューヨーク,,4,92
koc,2021,1,,ニューヨーク,,5,90
koc,2021,1,,ザ・マミィ,,1,96
koc,2021,1,,ザ・マミィ,,2,96
koc,2021,1,,ザ・マミィ,,3,95
koc,2021,1,,ザ・マミィ,,4,93
koc,2021,1,,ザ・マミィ,,5,96
koc,2021,1,,空気階段,,1,98
koc,2021,1,,空気階段,,2,97
koc,2021,1,,空気階段,,3,97
koc,2021,1,,空気階段,,4,97
koc,2021,1,,空気階段,,5,97
koc,2021,1,,マヂカルラブリー,,1,92
koc,2021,1,,マヂカルラブリー,,2,91
koc,2021,1,,マヂカルラブリー,,3,89
koc,2021,1,,マヂカルラブリー,,4,89
koc,2021,1,,マヂカルラブリー,,5,94
koc,2021,2,,男性ブランコ,,1,93
koc,2021,2,,男性ブランコ,,2,91
koc,2021,2,,男性ブランコ,,3,93
koc,2021,2,,男性ブランコ,,4,93
koc,2021,2,,男性ブランコ,,5,93
koc,2021,2,,ザ・マミィ,,1,94
koc,2021,2,,ザ・マミィ,,2,91
koc,2021,2,,ザ・マミィ,,3,91
koc,2021,2,,ザ・マミィ,,4,91
koc,2021,2,,ザ・マミィ,,5,92
koc,2021,2,,空気階段,,1,96
koc,2021,2,,空気階段,,2,93
koc,2021,2,,空気階段,,3,95
koc,2021,2,,空気階段,,4,95
koc,2021,2,,空気階段,,5,95
koc,2020,1,,滝音,,1,90
koc,2020,1,,滝音,,2,90
koc,2020,1,,滝音,,3,90
koc,2020,1,,滝音,,4,89
koc,2020,1,,滝音,,5,86
koc,2020,1,,GAG,,1,88
koc,2020,1,,GAG,,2,90
koc,2020,1,,GAG,,3,91
koc,2020,1,,GAG,,4,91
koc,2020,1,,GAG,,5,85
koc,2020,1,,ロングコートダディ,,1,90
koc,2020,1,,ロングコートダディ,,2,88
koc,2020,1,,ロングコートダディ,,3,90
koc,2020,1,,ロングコートダディ,,4,90
koc,2020,1,,ロングコートダディ,,5,88
koc,2020,1,,空気階段,,1,94
koc,2020,1,,空気階段,,2,93
koc,2020,1,,空気階段,,3,89
koc,2020,1,,空気階段,,4,92
koc,2020,1,,空気階段,,5,90
koc,2020,1,,ジャルジャル,,1,95
koc,2020,1,,ジャルジャル,,2,97
koc,2020,1,,ジャルジャル,,3,96
koc,2020,1,,ジャルジャル,,4,94
koc,2020,1,,ジャルジャル,,5,95
koc,2020,1,,ザ・ギース,,1,92
koc,2020,1,,ザ・ギース,,2,91
koc,2020,1,,ザ・ギース,,3,91
koc,2020,1,,ザ・ギース,,4,91
koc,2020,1,,ザ・ギース,,5,92
koc,2020,1,,うるとらブギーズ,,1,90
koc,2020,1,,うるとらブギーズ,,2,87
koc,2020,1,,うるとらブギーズ,,3,87
koc,2020,1,,うるとらブギーズ,,4,89
koc,2020,1,,うるとらブギーズ,,5,87
koc,2020,1,,ニッポンの社長,,1,92
koc,2020,1,,ニッポンの社長,,2,91
koc,2020,1,,ニッポンの社長,,3,86
koc,2020,1,,ニッポンの社長,,4,92
koc,2020,1,,ニッポンの社長,,5,93
koc,2020,1,,ニューヨーク,,1,92
koc,2020,1,,ニューヨーク,,2,90
koc,2020,1,,ニューヨーク,,3,92
koc,2020,1,,ニューヨーク,,4,93
koc,2020,1,,ニューヨーク,,5,94
koc,2020,1,,ジャングルポケット,,1,92
koc,2020,1,,ジャングルポケット,,2,91
koc,2020,1,,ジャングルポケット,,3,88
koc,2020,1,,ジャングルポケット,,4,92
koc,2020,1,,ジャングルポケット,,5,91
koc,2020,2,,空気階段,,1,92
koc,2020,2,,空気階段,,2,93
koc,2020,2,,空気階段,,3,90
koc,2020,2,,空気階段,,4,95
koc,2020,2,,空気階段,,5,93
koc,2020,2,,ニューヨーク,,1,95
koc,2020,2,,ニューヨーク,,2,95
koc,2020,2,,ニューヨーク,,3,90
koc,2020,2,,ニューヨーク,,4,91
koc,2020,2,,ニューヨーク,,5,92
koc,2020,2,,ジャルジャル,,1,93
koc,2020,2,,ジャルジャル,,2,94
koc,2020,2,,ジャルジャル,,3,90
koc,2020,2,,ジャルジャル,,4,92
koc,2020,2,,ジャルジャル,,5,95
koc,2019,1,,うるとらブギーズ,,1,90
koc,2019,1,,うるとらブギーズ,,2,95
koc,2019,1,,うるとらブギーズ,,3,95
koc,2019,1,,うるとらブギーズ,,4,92
koc,2019,1,,うるとらブギーズ,,5,90
koc,2019,1,,ネルソンズ,,1,90
koc,2019,1,,ネルソンズ,,2,90
koc,2019,1,,ネルソンズ,,3,90
koc,2019,1,,ネルソンズ,,4,90
koc,2019,1,,ネルソンズ,,5,86
koc,2019,1,,空気階段,,1,87
koc,2019,1,,空気階段,,2,88
koc,2019,1,,空気階段,,3,88
koc,2019,1,,空気階段,,4,90
koc,2019,1,,空気階段,,5,85
koc,2019,1,,ビスケットブラザーズ,,1,89
koc,2019,1,,ビスケットブラザーズ,,2,90
koc,2019,1,,ビスケットブラザーズ,,3,90
koc,2019,1,,ビスケットブラザーズ,,4,88
koc,2019,1,,ビスケットブラザーズ,,5,89
koc,2019,1,,ジャルジャル,,1,92
koc,2019,1,,ジャルジャル,,2,93
koc,2019,1,,ジャルジャル,,3,89
koc,2019,1,,ジャルジャル,,4,90
koc,2019,1,,ジャルジャル,,5,93
koc,2019,1,,どぶろっく,,1,93
koc,2019,1,,どぶろっく,,2,96
koc,2019,1,,どぶろっく,,3,98
koc,2019,1,,どぶろっく,,4,97
koc,2019,1,,どぶろっく,,5,96
koc,2019,1,,かが屋,,1,94
koc,2019,1,,かが屋,,2,89
koc,2019,1,,かが屋,,3,87
koc,2019,1,,かが屋,,4,88
koc,2019,1,,かが屋,,5,88
koc,2019,1,,GAG,,1,92
koc,2019,1,,GAG,,2,88
koc,2019,1,,GAG,,3,92
koc,2019,1,,GAG,,4,93
koc,2019,1,,GAG,,5,92
koc,2019,1,,ゾフィー,,1,90
koc,2019,1,,ゾフィー,,2,90
koc,2019,1,,ゾフィー,,3,89
koc,2019,1,,ゾフィー,,4,91
koc,2019,1,,ゾフィー,,5,92
koc,2019,1,,わらふぢなるお,,1,87
koc,2019,1,,わらふぢなるお,,2,87
koc,2019,1,,わらふぢなるお,,3,88
koc,2019,1,,わらふぢなるお,,4,87
koc,2019,1,,わらふぢなるお,,5,89
koc,2019,2,,ジャルジャル,,1,90
koc,2019,2,,ジャルジャル,,2,90
koc,2019,2,,ジャルジャル,,3,88
koc,2019,2,,ジャルジャル,,4,90
koc,2019,2,,ジャルジャル,,5,90
koc,2019,2,,うるとらブギーズ,,1,93
koc,2019,2,,うるとらブギーズ,,2,92
koc,2019,2,,うるとらブギーズ,,3,93
koc,2019,2,,うるとらブギーズ,,4,93
koc,2019,2,,うるとらブギーズ,,5,92
koc,2019,2,,どぶろっく,,1,94
koc,2019,2,,どぶろっく,,2,90
koc,2019,2,,どぶろっく,,3,89
koc,2019,2,,どぶろっく,,4,91
koc,2019,2,,どぶろっく,,5,91
koc,2018,1,,やさしいズ,,1,85
koc,2018,1,,やさしいズ,,2,87
koc,2018,1,,やさしいズ,,3,81
koc,2018,1,,やさしいズ,,4,84
koc,2018,1,,やさしいズ,,5,82
koc,2018,1,,マヂカルラブリー,,1,90
koc,2018,1,,マヂカルラブリー,,2,90
koc,2018,1,,マヂカルラブリー,,3,85
koc,2018,1,,マヂカルラブリー,,4,90
koc,2018,1,,マヂカルラブリー,,5,88
koc,2018,1,,ハナコ,,1,93
koc,2018,1,,ハナコ,,2,94
koc,2018,1,,ハナコ,,3,90
koc,2018,1,,ハナコ,,4,94
koc,2018,1,,ハナコ,,5,93
koc,2018,1,,さらば青春の光,,1,92
koc,2018,1,,さらば青春の光,,2,91
koc,2018,1,,さらば青春の光,,3,92
koc,2018,1,,さらば青春の光,,4,94
koc,2018,1,,さらば青春の光,,5,94
koc,2018,1,,だーりんず,,1,88
koc,2018,1,,だーりんず,,2,85
koc,2018,1,,だーりんず,,3,92
koc,2018,1,,だーりんず,,4,92
koc,2018,1,,だーりんず,,5,80
koc,2018,1,,チョコレートプラネット,,1,93
koc,2018,1,,チョコレートプラネット,,2,93
koc,2018,1,,チョコレートプラネット,,3,97
koc,2018,1,,チョコレートプラネット,,4,98
koc,2018,1,,チョコレートプラネット,,5,97
koc,2018,1,,GAG,,1,87
koc,2018,1,,GAG,,2,84
koc,2018,1,,GAG,,3,84
koc,2018,1,,GAG,,4,92
koc,2018,1,,GAG,,5,90
koc,2018,1,,わらふぢなるお,,1,90
koc,2018,1,,わらふぢなるお,,2,92
koc,2018,1,,わらふぢなるお,,3,95
koc,2018,1,,わらふぢなるお,,4,96
koc,2018,1,,わらふぢなるお,,5,95
koc,2018,1,,ロビンフット,,1,92
koc,2018,1,,ロビンフット,,2,93
koc,2018,1,,ロビンフット,,3,89
koc,2018,1,,ロビンフット,,4,92
koc,2018,1,,ロビンフット,,5,96
koc,2018,1,,ザ・ギース,,1,92
koc,2018,1,,ザ・ギース,,2,90
koc,2018,1,,ザ・ギース,,3,91
koc,2018,1,,ザ・ギース,,4,93
koc,2018,1,,ザ・ギース,,5,92
koc,2018,2,,ハナコ,,1,97
koc,2018,2,,ハナコ,,2,94
koc,2018,2,,ハナコ,,3,90
koc,2018,2,,ハナコ,,4,96
koc,2018,2,,ハナコ,,5,95
koc,2018,2,,わらふぢなるお,,1,93
koc,2018,2,,わらふぢなるお,,2,89
koc,2018,2,,わらふぢなるお,,3,89
koc,2018,2,,わらふぢなるお,,4,93
koc,2018,2,,わらふぢなるお,,5,90
koc,2018,2,,チョコレートプラネット,,1,90
koc,2018,2,,チョコレートプラネット,,2,90
koc,2018,2,,チョコレートプラネット,,3,88
koc,2018,2,,チョコレートプラネット,,4,88
koc,2018,2,,チョコレートプラネット,,5,84
koc,2017,1,,わらふぢなるお,,1,87
koc,2017,1,,わらふぢなるお,,2,89
koc,2017,1,,わらふぢなるお,,3,88
koc,2017,1,,わらふぢなるお,,4,87
koc,2017,1,,わらふぢなるお,,5,83
koc,2017,1,,ジャングルポケット,,1,93
koc,2017,1,,ジャングルポケット,,2,92
koc,2017,1,,ジャングルポケット,,3,93
koc,2017,1,,ジャングルポケット,,4,89
koc,2017,1,,ジャングルポケット,,5,85
koc,2017,1,,かまいたち,,1,90
koc,2017,1,,かまいたち,,2,93
koc,2017,1,,かまいたち,,3,95
koc,2017,1,,かまいたち,,4,93
koc,2017,1,,かまいたち,,5,93
koc,2017,1,,アンガールズ,,1,89
koc,2017,1,,アンガールズ,,2,90
koc,2017,1,,アンガールズ,,3,92
koc,2017,1,,アンガールズ,,4,92
koc,2017,1,,アンガールズ,,5,89
koc,2017,1,,パーパー,,1,85
koc,2017,1,,パーパー,,2,86
koc,2017,1,,パーパー,,3,85
koc,2017,1,,パーパー,,4,85
koc,2017,1,,パーパー,,5,80
koc,2017,1,,さらば青春の光,,1,90
koc,2017,1,,さらば青春の光,,2,93
koc,2017,1,,さらば青春の光,,3,87
koc,2017,1,,さらば青春の光,,4,90
koc,2017,1,,さらば青春の光,,5,95
koc,2017,1,,にゃんこスター,,1,90
koc,2017,1,,にゃんこスター,,2,89
koc,2017,1,,にゃんこスター,,3,97
koc,2017,1,,にゃんこスター,,4,93
koc,2017,1,,にゃんこスター,,5,97
koc,2017,1,,アキナ,,1,90
koc,2017,1,,アキナ,,2,82
koc,2017,1,,アキナ,,3,83
koc,2017,1,,アキナ,,4,87
koc,2017,1,,アキナ,,5,90
koc,2017,1,,GAG少年楽団,,1,86
koc,2017,1,,GAG少年楽団,,2,85
koc,2017,1,,GAG少年楽団,,3,82
koc,2017,1,,GAG少年楽団,,4,84
koc,2017,1,,GAG少年楽団,,5,82
koc,2017,1,,ゾフィー,,1,85
koc,2017,1,,ゾフィー,,2,85
koc,2017,1,,ゾフィー,,3,82
koc,2017,1,,ゾフィー,,4,86
koc,2017,1,,ゾフィー,,5,84
koc,2017,2,,アンガールズ,,1,93
koc,2017,2,,アンガールズ,,2,93
koc,2017,2,,アンガールズ,,3,87
koc,2017,2,,アンガールズ,,4,89
koc,2017,2,,アンガールズ,,5,90
koc,2017,2,,ジャングルポケット,,1,90
koc,2017,2,,ジャングルポケット,,2,92
koc,2017,2,,ジャングルポケット,,3,90
koc,2017,2,,ジャングルポケット,,4,93
koc,2017,2,,ジャングルポケット,,5,93
koc,2017,2,,さらば青春の光,,1,95
koc,2017,2,,さらば青春の光,,2,97
koc,2017,2,,さらば青春の光,,3,92
koc,2017,2,,さらば青春の光,,4,91
koc,2017,2,,さらば青春の光,,5,92
koc,2017,2,,かまいたち,,1,94
koc,2017,2,,かまいたち,,2,96
koc,2017,2,,かまいたち,,3,95
koc,2017,2,,かまいたち,,4,97
koc,2017,2,,かまいたち,,5,96
koc,2017,2,,にゃんこスター,,1,90
koc,2017,2,,にゃんこスター,,2,92
koc,2017,2,,にゃんこスター,,3,92
koc,2017,2,,にゃんこスター,,4,94
koc,2017,2,,にゃんこスター,,5,94
koc,2016,1,,しずる,,1,90
koc,2016,1,,しずる,,2,92
koc,2016,1,,しずる,,3,88
koc,2016,1,,しずる,,4,88
koc,2016,1,,しずる,,5,85
koc,2016,1,,ラブレターズ,,1,92
koc,2016,1,,ラブレターズ,,2,84
koc,2016,1,,ラブレターズ,,3,82
koc,2016,1,,ラブレターズ,,4,84
koc,2016,1,,ラブレターズ,,5,82
koc,2016,1,,かもめんたる,,1,89
koc,2016,1,,かもめんたる,,2,90
koc,2016,1,,かもめんたる,,3,88
koc,2016,1,,かもめんたる,,4,89
koc,2016,1,,かもめんたる,,5,88
koc,2016,1,,かまいたち,,1,90
koc,2016,1,,かまいたち,,2,93
koc,2016,1,,かまいたち,,3,92
koc,2016,1,,かまいたち,,4,93
koc,2016,1,,かまいたち,,5,90
koc,2016,1,,ななまがり,,1,88
koc,2016,1,,ななまがり,,2,89
koc,2016,1,,ななまがり,,3,85
koc,2016,1,,ななまがり,,4,88
koc,2016,1,,ななまがり,,5,80
koc,2016,1,,ジャングルポケット,,1,94
koc,2016,1,,ジャングルポケット,,2,93
koc,2016,1,,ジャングルポケット,,3,94
koc,2016,1,,ジャングルポケット,,4,91
koc,2016,1,,ジャングルポケット,,5,94
koc,2016,1,,だーりんず,,1,85
koc,2016,1,,だーりんず,,2,84
koc,2016,1,,だーりんず,,3,86
koc,2016,1,,だーりんず,,4,87
koc,2016,1,,だーりんず,,5,89
koc,2016,1,,タイムマシーン3号,,1,90
koc,2016,1,,タイムマシーン3号,,2,89
koc,2016,1,,タイムマシーン3号,,3,87
koc,2016,1,,タイムマシーン3号,,4,89
koc,2016,1,,タイムマシーン3号,,5,90
koc,2016,1,,ジグザグジギー,,1,88
koc,2016,1,,ジグザグジギー,,2,84
koc,2016,1,,ジグザグジギー,,3,89
koc,2016,1,,ジグザグジギー,,4,88
koc,2016,1,,ジグザグジギー,,5,84
koc,2016,1,,ライス,,1,92
koc,2016,1,,ライス,,2,95
koc,2016,1,,ライス,,3,93
koc,2016,1,,ライス,,4,91
koc,2016,1,,ライス,,5,95
koc,2016,2,,かもめんたる,,1,87
koc,2016,2,,かもめんたる,,2,88
koc,2016,2,,かもめんたる,,3,88
koc,2016,2,,かもめんたる,,4,89
koc,2016,2,,かもめんたる,,5,87
koc,2016,2,,タイムマシーン3号,,1,88
koc,2016,2,,タイムマシーン3号,,2,88
koc,2016,2,,タイムマシーン3号,,3,87
koc,2016,2,,タイムマシーン3号,,4,92
koc,2016,2,,タイムマシーン3号,,5,93
koc,2016,2,,かまいたち,,1,90
koc,2016,2,,かまいたち,,2,92
koc,2016,2,,かまいたち,,3,91
koc,2016,2,,かまいたち,,4,93
koc,2016,2,,かまいたち,,5,90
koc,2016,2,,ライス,,1,94
koc,2016,2,,ライス,,2,95
koc,2016,2,,ライス,,3,92
koc,2016,2,,ライス,,4,94
koc,2016,2,,ライス,,5,95
koc,2016,2,,ジャングルポケット,,1,88
koc,2016,2,,ジャングルポケット,,2,94
koc,2016,2,,ジャングルポケット,,3,91
koc,2016,2,,ジャングルポケット,,4,95
koc,2016,2,,ジャングルポケット,,5,96
koc,2015,1,,藤崎マーケット,,1,87
koc,2015,1,,藤崎マーケット,,2,92
koc,2015,1,,藤崎マーケット,,3,93
koc,2015,1,,藤崎マーケット,,4,94
koc,2015,1,,藤崎マーケット,,5,85
koc,2015,1,,ジャングルポケット,,1,86
koc,2015,1,,ジャングルポケット,,2,89
koc,2015,1,,ジャングルポケット,,3,91
koc,2015,1,,ジャングルポケット,,4,90
koc,2015,1,,ジャングルポケット,,5,89
koc,2015,1,,さらば青春の光,,1,89
koc,2015,1,,さらば青春の光,,2,83
koc,2015,1,,さらば青春の光,,3,80
koc,2015,1,,さらば青春の光,,4,87
koc,2015,1,,さらば青春の光,,5,80
koc,2015,1,,コロコロチキチキペッパーズ,,1,92
koc,2015,1,,コロコロチキチキペッパーズ,,2,93
koc,2015,1,,コロコロチキチキペッパーズ,,3,92
koc,2015,1,,コロコロチキチキペッパーズ,,4,96
koc,2015,1,,コロコロチキチキペッパーズ,,5,95
koc,2015,1,,うしろシティ,,1,86
koc,2015,1,,うしろシティ,,2,85
koc,2015,1,,うしろシティ,,3,82
koc,2015,1,,うしろシティ,,4,89
koc,2015,1,,うしろシティ,,5,82
koc,2015,1,,バンビーノ,,1,90
koc,2015,1,,バンビーノ,,2,89
koc,2015,1,,バンビーノ,,3,93
koc,2015,1,,バンビーノ,,4,93
koc,2015,1,,バンビーノ,,5,90
koc,2015,1,,ザ・ギース,,1,88
koc,2015,1,,ザ・ギース,,2,87
koc,2015,1,,ザ・ギース,,3,80
koc,2015,1,,ザ・ギース,,4,88
koc,2015,1,,ザ・ギース,,5,85
koc,2015,1,,ロッチ,,1,90
koc,2015,1,,ロッチ,,2,96
koc,2015,1,,ロッチ,,3,98
koc,2015,1,,ロッチ,,4,98
koc,2015,1,,ロッチ,,5,96
koc,2015,1,,アキナ,,1,89
koc,2015,1,,アキナ,,2,88
koc,2015,1,,アキナ,,3,83
koc,2015,1,,アキナ,,4,90
koc,2015,1,,アキナ,,5,87
koc,2015,1,,巨匠,,1,87
koc,2015,1,,巨匠,,2,89
koc,2015,1,,巨匠,,3,81
koc,2015,1,,巨匠,,4,91
koc,2015,1,,巨匠,,5,80
koc,2015,2,,ジャングルポケット,,1,89
koc,2015,2,,ジャングルポケット,,2,91
koc,2015,2,,ジャングルポケット,,3,92
koc,2015,2,,ジャングルポケット,,4,89
koc,2015,2,,ジャングルポケット,,5,90
koc,2015,2,,藤崎マーケット,,1,87
koc,2015,2,,藤崎マーケット,,2,90
koc,2015,2,,藤崎マーケット,,3,90
koc,2015,2,,藤崎マーケット,,4,88
koc,2015,2,,藤崎マーケット,,5,87
koc,2015,2,,バンビーノ,,1,93
koc,2015,2,,バンビーノ,,2,94
koc,2015,2,,バンビーノ,,3,96
koc,2015,2,,バンビーノ,,4,93
koc,2015,2,,バンビーノ,,5,95
koc,2015,2,,コロコロチキチキペッパーズ,,1,95
koc,2015,2,,コロコロチキチキペッパーズ,,2,94
koc,2015,2,,コロコロチキチキペッパーズ,,3,93
koc,2015,2,,コロコロチキチキペッパーズ,,4,94
koc,2015,2,,コロコロチキチキペッパーズ,,5,89
koc,2015,2,,ロッチ,,1,83
koc,2015,2,,ロッチ,,2,85
koc,2015,2,,ロッチ,,3,86
koc,2015,2,,ロッチ,,4,89
koc,2015,2,,ロッチ,,5,86
r1,2025,1,,ヒロ・オクムラ,,1,90
r1,2025,1,,ヒロ・オクムラ,,2,91
r1,2025,1,,ヒロ・オクムラ,,3,89
r1,2025,1,,ヒロ・オクムラ,,4,92
r1,2025,1,,ヒロ・オクムラ,,5,91
r1,2025,1,,ヒロ・オクムラ,,6,89
r1,2025,1,,ヒロ・オクムラ,,7,89
r1,2025,1,,チャンス大城,,1,96
r1,2025,1,,チャンス大城,,2,90
r1,2025,1,,チャンス大城,,3,95
r1,2025,1,,チャンス大城,,4,92
r1,2025,1,,チャンス大城,,5,91
r1,2025,1,,チャンス大城,,6,93
r1,2025,1,,チャンス大城,,7,93
r1,2025,1,,田津原理音,,1,92
r1,2025,1,,田津原理音,,2,97
r1,2025,1,,田津原理音,,3,93
r1,2025,1,,田津原理音,,4,93
r1,2025,1,,田津原理音,,5,92
r1,2025,1,,田津原理音,,6,91
r1,2025,1,,田津原理音,,7,96
r1,2025,1,,ハギノリザードマン,,1,95
r1,2025,1,,ハギノリザードマン,,2,96
r1,2025,1,,ハギノリザードマン,,3,96
r1,2025,1,,ハギノリザードマン,,4,95
r1,2025,1,,ハギノリザードマン,,5,92
r1,2025,1,,ハギノリザードマン,,6,90
r1,2025,1,,ハギノリザードマン,,7,91
r1,2025,1,,ルシファー吉岡,,1,91
r1,2025,1,,ルシファー吉岡,,2,94
r1,2025,1,,ルシファー吉岡,,3,91
r1,2025,1,,ルシファー吉岡,,4,93
r1,2025,1,,ルシファー吉岡,,5,95
r1,2025,1,,ルシファー吉岡,,6,95
r1,2025,1,,ルシファー吉岡,,7,92
r1,2025,1,,吉住,,1,91
r1,2025,1,,吉住,,2,92
r1,2025,1,,吉住,,3,90
r1,2025,1,,吉住,,4,95
r1,2025,1,,吉住,,5,93
r1,2025,1,,吉住,,6,90
r1,2025,1,,吉住,,7,90
r1,2025,1,,さや香 新山,,1,92
r1,2025,1,,さや香 新山,,2,89
r1,2025,1,,さや香 新山,,3,92
r1,2025,1,,さや香 新山,,4,93
r1,2025,1,,さや香 新山,,5,91
r1,2025,1,,さや香 新山,,6,91
r1,2025,1,,さや香 新山,,7,91
r1,2025,1,,友田オレ,,1,92
r1,2025,1,,友田オレ,,2,98
r1,2025,1,,友田オレ,,3,97
r1,2025,1,,友田オレ,,4,96
r1,2025,1,,友田オレ,,5,93
r1,2025,1,,友田オレ,,6,92
r1,2025,1,,友田オレ,,7,94
r1,2025,1,,マツモトクラブ,,1,91
r1,2025,1,,マツモトクラブ,,2,95
r1,2025,1,,マツモトクラブ,,3,94
r1,2025,1,,マツモトクラブ,,4,93
r1,2025,1,,マツモトクラブ,,5,97
r1,2025,1,,マツモトクラブ,,6,88
r1,2025,1,,マツモトクラブ,,7,89
r1,2024,1,,真輝志,,1,90
r1,2024,1,,真輝志,,2,92
r1,2024,1,,真輝志,,3,94
r1,2024,1,,真輝志,,4,91
r1,2024,1,,真輝志,,5,91
r1,2024,1,,ルシファー吉岡,,1,95
r1,2024,1,,ルシファー吉岡,,2,95
r1,2024,1,,ルシファー吉岡,,3,95
r1,2024,1,,ルシファー吉岡,,4,94
r1,2024,1,,ルシファー吉岡,,5,96
r1,2024,1,,街裏ぴんく,,1,96
r1,2024,1,,街裏ぴんく,,2,94
r1,2024,1,,街裏ぴんく,,3,95
r1,2024,1,,街裏ぴんく,,4,92
r1,2024,1,,街裏ぴんく,,5,94
r1,2024,1,,kento fukaya,,1,90
r1,2024,1,,kento fukaya,,2,91
r1,2024,1,,kento fukaya,,3,93
r1,2024,1,,kento fukaya,,4,88
r1,2024,1,,kento fukaya,,5,90
r1,2024,1,,寺田寛明,,1,90
r1,2024,1,,寺田寛明,,2,92
r1,2024,1,,寺田寛明,,3,92
r1,2024,1,,寺田寛明,,4,89
r1,2024,1,,寺田寛明,,5,92
r1,2024,1,,サツマカワRPG,,1,91
r1,2024,1,,サツマカワRPG,,2,90
r1,2024,1,,サツマカワRPG,,3,92
r1,2024,1,,サツマカワRPG,,4,93
r1,2024,1,,サツマカワRPG,,5,91
r1,2024,1,,吉住,,1,91
r1,2024,1,,吉住,,2,94
r1,2024,1,,吉住,,3,94
r1,2024,1,,吉住,,4,96
r1,2024,1,,吉住,,5,95
r1,2024,1,,トンツカタンお抹茶,,1,92
r1,2024,1,,トンツカタンお抹茶,,2,89
r1,2024,1,,トンツカタンお抹茶,,3,92
r1,2024,1,,トンツカタンお抹茶,,4,86
r1,2024,1,,トンツカタンお抹茶,,5,89
r1,2024,1,,どくさいスイッチ企画,,1,91
r1,2024,1,,どくさいスイッチ企画,,2,92
r1,2024,1,,どくさいスイッチ企画,,3,93
r1,2024,1,,どくさいスイッチ企画,,4,90
r1,2024,1,,どくさいスイッチ企画,,5,92
r1,2023,1,,Yes!アキト,,1,91
r1,2023,1,,Yes!アキト,,2,94
r1,2023,1,,Yes!アキト,,3,93
r1,2023,1,,Yes!アキト,,4,88
r1,2023,1,,Yes!アキト,,5,90
r1,2023,1,,寺田寛明,,1,90
r1,2023,1,,寺田寛明,,2,94
r1,2023,1,,寺田寛明,,3,94
r1,2023,1,,寺田寛明,,4,92
r1,2023,1,,寺田寛明,,5,94
r1,2023,1,,ラパルフェ 都留,,1,94
r1,2023,1,,ラパルフェ 都留,,2,91
r1,2023,1,,ラパルフェ 都留,,3,90
r1,2023,1,,ラパルフェ 都留,,4,87
r1,2023,1,,ラパルフェ 都留,,5,89
r1,2023,1,,サツマカワRPG,,1,92
r1,2023,1,,サツマカワRPG,,2,93
r1,2023,1,,サツマカワRPG,,3,96
r1,2023,1,,サツマカワRPG,,4,90
r1,2023,1,,サツマカワRPG,,5,91
r1,2023,1,,カベポスター 永見,,1,93
r1,2023,1,,カベポスター 永見,,2,96
r1,2023,1,,カベポスター 永見,,3,97
r1,2023,1,,カベポスター 永見,,4,86
r1,2023,1,,カベポスター 永見,,5,88
r1,2023,1,,こたけ正義感,,1,93
r1,2023,1,,こたけ正義感,,2,93
r1,2023,1,,こたけ正義感,,3,92
r1,2023,1,,こたけ正義感,,4,91
r1,2023,1,,こたけ正義感,,5,93
r1,2023,1,,田津原理音,,1,96
r1,2023,1,,田津原理音,,2,96
r1,2023,1,,田津原理音,,3,97
r1,2023,1,,田津原理音,,4,89
r1,2023,1,,田津原理音,,5,92
r1,2023,1,,コットン きょん,,1,95
r1,2023,1,,コットン きょん,,2,92
r1,2023,1,,コットン きょん,,3,96
r1,2023,1,,コットン きょん,,4,90
r1,2023,1,,コットン きょん,,5,95
r1,2022,1,,kento fukaya,,1,90
r1,2022,1,,kento fukaya,,2,90
r1,2022,1,,kento fukaya,,3,92
r1,2022,1,,kento fukaya,,4,84
r1,2022,1,,kento fukaya,,5,93
r1,2022,1,,お見送り芸人しんいち,,1,93
r1,2022,1,,お見送り芸人しんいち,,2,95
r1,2022,1,,お見送り芸人しんいち,,3,94
r1,2022,1,,お見送り芸人しんいち,,4,89
r1,2022,1,,お見送り芸人しんいち,,5,92
r1,2022,1,,Yes!アキト,,1,90
r1,2022,1,,Yes!アキト,,2,90
r1,2022,1,,Yes!アキト,,3,92
r1,2022,1,,Yes!アキト,,4,87
r1,2022,1,,Yes!アキト,,5,88
r1,2022,1,,吉住,,1,91
r1,2022,1,,吉住,,2,93
r1,2022,1,,吉住,,3,97
r1,2022,1,,吉住,,4,91
r1,2022,1,,吉住,,5,91
r1,2022,1,,サツマカワRPG,,1,91
r1,2022,1,,サツマカワRPG,,2,96
r1,2022,1,,サツマカワRPG,,3,94
r1,2022,1,,サツマカワRPG,,4,88
r1,2022,1,,サツマカワRPG,,5,90
r1,2022,1,,ZAZY,,1,95
r1,2022,1,,ZAZY,,2,96
r1,2022,1,,ZAZY,,3,98
r1,2022,1,,ZAZY,,4,86
r1,2022,1,,ZAZY,,5,89
r1,2022,1,,寺田寛明,,1,90
r1,2022,1,,寺田寛明,,2,92
r1,2022,1,,寺田寛明,,3,94
r1,2022,1,,寺田寛明,,4,85
r1,2022,1,,寺田寛明,,5,90
r1,2022,1,,金の国 渡部おにぎり,,1,93
r1,2022,1,,金の国 渡部おにぎり,,2,94
r1,2022,1,,金の国 渡部おにぎり,,3,93
r1,2022,1,,金の国 渡部おにぎり,,4,90
r1,2022,1,,金の国 渡部おにぎり,,5,93
r1,2021,1,,マツモトクラブ,,1,89
r1,2021,1,,マツモトクラブ,,2,93
r1,2021,1,,マツモトクラブ,,3,93
r1,2021,1,,マツモトクラブ,,4,94
r1,2021,1,,マツモトクラブ,,5,88
r1,2021,1,,マツモトクラブ,,6,89
r1,2021,1,,マツモトクラブ,,7,88
r1,2021,1,,マツモトクラブ,,8,3
r1,2021,1,,ZAZY,,1,93
r1,2021,1,,ZAZY,,2,95
r1,2021,1,,ZAZY,,3,95
r1,2021,1,,ZAZY,,4,99
r1,2021,1,,ZAZY,,5,95
r1,2021,1,,ZAZY,,6,93
r1,2021,1,,ZAZY,,7,94
r1,2021,1,,ZAZY,,8,5
r1,2021,1,,土屋,,1,88
r1,2021,1,,土屋,,2,96
r1,2021,1,,土屋,,3,94
r1,2021,1,,土屋,,4,95
r1,2021,1,,土屋,,5,93
r1,2021,1,,土屋,,6,90
r1,2021,1,,土屋,,7,90
r1,2021,1,,土屋,,8,1
r1,2021,1,,森本サイダー,,1,91
r1,2021,1,,森本サイダー,,2,91
r1,2021,1,,森本サイダー,,3,96
r1,2021,1,,森本サイダー,,4,96
r1,2021,1,,森本サイダー,,5,92
r1,2021,1,,森本サイダー,,6,90
r1,2021,1,,森本サイダー,,7,93
r1,2021,1,,森本サイダー,,8,1
r1,2021,1,,吉住,,1,90
r1,2021,1,,吉住,,2,95
r1,2021,1,,吉住,,3,94
r1,2021,1,,吉住,,4,94
r1,2021,1,,吉住,,5,91
r1,2021,1,,吉住,,6,89
r1,2021,1,,吉住,,7,88
r1,2021,1,,吉住,,8,5
r1,2021,1,,寺田寛明,,1,87
r1,2021,1,,寺田寛明,,2,89
r1,2021,1,,寺田寛明,,3,93
r1,2021,1,,寺田寛明,,4,93
r1,2021,1,,寺田寛明,,5,89
r1,2021,1,,寺田寛明,,6,88
r1,2021,1,,寺田寛明,,7,89
r1,2021,1,,寺田寛明,,8,5
r1,2021,1,,かが屋 賀屋,,1,90
r1,2021,1,,かが屋 賀屋,,2,93
r1,2021,1,,かが屋 賀屋,,3,96
r1,2021,1,,かが屋 賀屋,,4,95
r1,2021,1,,かが屋 賀屋,,5,94
r1,2021,1,,かが屋 賀屋,,6,92
r1,2021,1,,かが屋 賀屋,,7,90
r1,2021,1,,かが屋 賀屋,,8,5
r1,2021,1,,kento fukaya,,1,92
r1,2021,1,,kento fukaya,,2,90
r1,2021,1,,kento fukaya,,3,94
r1,2021,1,,kento fukaya,,4,93
r1,2021,1,,kento fukaya,,5,92
r1,2021,1,,kento fukaya,,6,92
r1,2021,1,,kento fukaya,,7,92
r1,2021,1,,kento fukaya,,8,5
r1,2021,1,,高田ぽる子,,1,93
r1,2021,1,,高田ぽる子,,2,89
r1,2021,1,,高田ぽる子,,3,95
r1,2021,1,,高田ぽる子,,4,92
r1,2021,1,,高田ぽる子,,5,92
r1,2021,1,,高田ぽる子,,6,93
r1,2021,1,,高田ぽる子,,7,93
r1,2021,1,,高田ぽる子,,8,5
r1,2021,1,,ゆりやんレトリィバァ,,1,95
r1,2021,1,,ゆりやんレトリィバァ,,2,94
r1,2021,1,,ゆりやんレトリィバァ,,3,95
r1,2021,1,,ゆりやんレトリィバァ,,4,97
r1,2021,1,,ゆりやんレトリィバァ,,5,95
r1,2021,1,,ゆりやんレトリィバァ,,6,93
r1,2021,1,,ゆりやんレトリィバァ,,7,92
r1,2021,1,,ゆりやんレトリィバァ,,8,5
abc,2015,1,,GAG少年楽団,,1,97
abc,2015,1,,GAG少年楽団,,2,98
abc,2015,1,,GAG少年楽団,,3,95
abc,2015,1,,GAG少年楽団,,4,93
abc,2015,1,,GAG少年楽団,,5,97
abc,2015,1,,学天即,,1,96
abc,2015,1,,学天即,,2,96
abc,2015,1,,学天即,,3,94
abc,2015,1,,学天即,,4,93
abc,2015,1,,学天即,,5,94
abc,2015,1,,うしろシティ,,1,92
abc,2015,1,,うしろシティ,,2,96
abc,2015,1,,うしろシティ,,3,94
abc,2015,1,,うしろシティ,,4,95
abc,2015,1,,うしろシティ,,5,93
abc,2015,1,,ニューヨーク,,1,92
abc,2015,1,,ニューヨーク,,2,90
abc,2015,1,,ニューヨーク,,3,94
abc,2015,1,,ニューヨーク,,4,95
abc,2015,1,,ニューヨーク,,5,96
abc,2015,1,,チョコレートプラネット,,1,93
abc,2015,1,,チョコレートプラネット,,2,91
abc,2015,1,,チョコレートプラネット,,3,95
abc,2015,1,,チョコレートプラネット,,4,92
abc,2015,1,,チョコレートプラネット,,5,95
abc,2015,1,,シンクロック,,1,91
abc,2015,1,,シンクロック,,2,93
abc,2015,1,,シンクロック,,3,89
abc,2015,1,,シンクロック,,4,94
abc,2015,1,,シンクロック,,5,93
abc,2015,1,,ガリバートンネル,,1,92
abc,2015,1,,ガリバートンネル,,2,85
abc,2015,1,,ガリバートンネル,,3,92
abc,2015,1,,ガリバートンネル,,4,92
abc,2015,1,,ガリバートンネル,,5,93
abc,2015,1,,たかまつなな,,1,91
abc,2015,1,,たかまつなな,,2,94
abc,2015,1,,たかまつなな,,3,89
abc,2015,1,,たかまつなな,,4,90
abc,2015,1,,たかまつなな,,5,89
abc,2015,1,,吉田たち,,1,91
abc,2015,1,,吉田たち,,2,88
abc,2015,1,,吉田たち,,3,85
abc,2015,1,,吉田たち,,4,92
abc,2015,1,,吉田たち,,5,80
abc,2015,1,,中山女子短期大学,,1,88
abc,2015,1,,中山女子短期大学,,2,85
abc,2015,1,,中山女子短期大学,,3,87
abc,2015,1,,中山女子短期大学,,4,89
abc,2015,1,,中山女子短期大学,,5,83
abc,2014,1,,天竺鼠,,1,96
abc,2014,1,,天竺鼠,,2,98
abc,2014,1,,天竺鼠,,3,100
abc,2014,1,,天竺鼠,,4,97
abc,2014,1,,天竺鼠,,5,92
abc,2014,1,,学天即,,1,96
abc,2014,1,,学天即,,2,98
abc,2014,1,,学天即,,3,100
abc,2014,1,,学天即,,4,93
abc,2014,1,,学天即,,5,89
abc,2014,1,,和牛,,1,95
abc,2014,1,,和牛,,2,95
abc,2014,1,,和牛,,3,88
abc,2014,1,,和牛,,4,90
abc,2014,1,,和牛,,5,88
abc,2014,1,,GAG少年楽団,,1,90
abc,2014,1,,GAG少年楽団,,2,88
abc,2014,1,,GAG少年楽団,,3,95
abc,2014,1,,GAG少年楽団,,4,90
abc,2014,1,,GAG少年楽団,,5,88
abc,2014,1,,藤崎マーケット,,1,90
abc,2014,1,,藤崎マーケット,,2,87
abc,2014,1,,藤崎マーケット,,3,89
abc,2014,1,,藤崎マーケット,,4,89
abc,2014,1,,藤崎マーケット,,5,87
abc,2014,1,,ラブレターズ,,1,94
abc,2014,1,,ラブレターズ,,2,88
abc,2014,1,,ラブレターズ,,3,84
abc,2014,1,,ラブレターズ,,4,87
abc,2014,1,,ラブレターズ,,5,84
abc,2014,1,,シマッシュレコード,,1,90
abc,2014,1,,シマッシュレコード,,2,86
abc,2014,1,,シマッシュレコード,,3,90
abc,2014,1,,シマッシュレコード,,4,89
abc,2014,1,,シマッシュレコード,,5,82
abc,2014,1,,シソンヌ,,1,89
abc,2014,1,,シソンヌ,,2,84
abc,2014,1,,シソンヌ,,3,87
abc,2014,1,,シソンヌ,,4,89
abc,2014,1,,シソンヌ,,5,84
abc,2014,1,,ニューヨーク,,1,89
abc,2014,1,,ニューヨーク,,2,84
abc,2014,1,,ニューヨーク,,3,83
abc,2014,1,,ニューヨーク,,4,91
abc,2014,1,,ニューヨーク,,5,84
abc,2014,1,,ジグザグジギー,,1,87
abc,2014,1,,ジグザグジギー,,2,85
abc,2014,1,,ジグザグジギー,,3,82
abc,2014,1,,ジグザグジギー,,4,89
abc,2014,1,,ジグザグジギー,,5,86
abc,2013,1,,ジャルジャル,,1,97
abc,2013,1,,ジャルジャル,,2,97
abc,2013,1,,ジャルジャル,,3,98
abc,2013,1,,ジャルジャル,,4,98
abc,2013,1,,ジャルジャル,,5,94
abc,2013,1,,GAG少年楽団,,1,96
abc,2013,1,,GAG少年楽団,,2,95
abc,2013,1,,GAG少年楽団,,3,96
abc,2013,1,,GAG少年楽団,,4,92
abc,2013,1,,GAG少年楽団,,5,92
abc,2013,1,,ジグザグジギー,,1,94
abc,2013,1,,ジグザグジギー,,2,92
abc,2013,1,,ジグザグジギー,,3,97
abc,2013,1,,ジグザグジギー,,4,95
abc,2013,1,,ジグザグジギー,,5,91
abc,2013,1,,シソンヌ,,1,93
abc,2013,1,,シソンヌ,,2,91
abc,2013,1,,シソンヌ,,3,97
abc,2013,1,,シソンヌ,,4,95
abc,2013,1,,シソンヌ,,5,90
abc,2013,1,,プリマ旦那,,1,92
abc,2013,1,,プリマ旦那,,2,92
abc,2013,1,,プリマ旦那,,3,95
abc,2013,1,,プリマ旦那,,4,95
abc,2013,1,,プリマ旦那,,5,89
abc,2013,1,,天竺鼠,,1,94
abc,2013,1,,天竺鼠,,2,90
abc,2013,1,,天竺鼠,,3,95
abc,2013,1,,天竺鼠,,4,90
abc,2013,1,,天竺鼠,,5,92
abc,2013,1,,アイロンヘッド,,1,90
abc,2013,1,,アイロンヘッド,,2,92
abc,2013,1,,アイロンヘッド,,3,90
abc,2013,1,,アイロンヘッド,,4,94
abc,2013,1,,アイロンヘッド,,5,89
abc,2013,1,,ジャングルポケット,,1,91
abc,2013,1,,ジャングルポケット,,2,88
abc,2013,1,,ジャングルポケット,,3,93
abc,2013,1,,ジャングルポケット,,4,90
abc,2013,1,,ジャングルポケット,,5,87
abc,2013,1,,和牛,,1,90
abc,2013,1,,和牛,,2,89
abc,2013,1,,和牛,,3,89
abc,2013,1,,和牛,,4,88
abc,2013,1,,和牛,,5,87
abc,2012,1,,かまいたち,,1,93
abc,2012,1,,かまいたち,,2,94
abc,2012,1,,かまいたち,,3,93
abc,2012,1,,かまいたち,,4,88
abc,2012,1,,かまいたち,,5,90
abc,2012,1,,さらば青春の光,,1,93
abc,2012,1,,さらば青春の光,,2,94
abc,2012,1,,さらば青春の光,,3,92
abc,2012,1,,さらば青春の光,,4,89
abc,2012,1,,さらば青春の光,,5,86
abc,2012,1,,ソーセージ,,1,92
abc,2012,1,,ソーセージ,,2,92
abc,2012,1,,ソーセージ,,3,90
abc,2012,1,,ソーセージ,,4,92
abc,2012,1,,ソーセージ,,5,87
abc,2012,1,,三日月マンハッタン,,1,91
abc,2012,1,,三日月マンハッタン,,2,87
abc,2012,1,,三日月マンハッタン,,3,91
abc,2012,1,,三日月マンハッタン,,4,90
abc,2012,1,,三日月マンハッタン,,5,84
abc,2012,1,,藤崎マーケット,,1,92
abc,2012,1,,藤崎マーケット,,2,95
abc,2012,1,,藤崎マーケット,,3,86
abc,2012,1,,藤崎マーケット,,4,83
abc,2012,1,,藤崎マーケット,,5,85
abc,2012,1,,学天即,,1,90
abc,2012,1,,学天即,,2,90
abc,2012,1,,学天即,,3,89
abc,2012,1,,学天即,,4,85
abc,2012,1,,学天即,,5,86
abc,2012,1,,ジグザグジギー,,1,84
abc,2012,1,,ジグザグジギー,,2,91
abc,2012,1,,ジグザグジギー,,3,92
abc,2012,1,,ジグザグジギー,,4,88
abc,2012,1,,ジグザグジギー,,5,84
abc,2012,1,,ジャルジャル,,1,90
abc,2012,1,,ジャルジャル,,2,87
abc,2012,1,,ジャルジャル,,3,90
abc,2012,1,,ジャルジャル,,4,87
abc,2012,1,,ジャルジャル,,5,85
abc,2012,1,,プラスマイナス,,1,90
abc,2012,1,,プラスマイナス,,2,85
abc,2012,1,,プラスマイナス,,3,87
abc,2012,1,,プラスマイナス,,4,85
abc,2012,1,,プラスマイナス,,5,88
abc,2012,1,,パップコーン,,1,85
abc,2012,1,,パップコーン,,2,87
abc,2012,1,,パップコーン,,3,80
abc,2012,1,,パップコーン,,4,83
abc,2012,1,,パップコーン,,5,82
u5,2023,1,,三遊間,,1,0
u5,2023,1,,三遊間,,2,0
u5,2023,1,,三遊間,,3,0
u5,2023,1,,三遊間,,4,0
u5,2023,1,,三遊間,,5,1
u5,2023,1,,三遊間,,6,0
u5,2023,1,,あくびぼうや,,1,1
u5,2023,1,,あくびぼうや,,2,1
u5,2023,1,,あくびぼうや,,3,1
u5,2023,1,,あくびぼうや,,4,1
u5,2023,1,,あくびぼうや,,5,0
u5,2023,1,,あくびぼうや,,6,0
u5,2023,1,,ハマノとヘンミ,,1,0
u5,2023,1,,ハマノとヘンミ,,2,0
u5,2023,1,,ハマノとヘンミ,,3,0
u5,2023,1,,ハマノとヘンミ,,4,0
u5,2023,1,,ハマノとヘンミ,,5,0
u5,2023,1,,ハマノとヘンミ,,6,1
u5,2023,1,,イチゴ,,1,0
u5,2023,1,,イチゴ,,2,0
u5,2023,1,,イチゴ,,3,0
u5,2023,1,,イチゴ,,4,0
u5,2023,1,,イチゴ,,5,1
u5,2023,1,,イチゴ,,6,0
u5,2023,1,,キャプテンバイソン,,1,1
u5,2023,1,,キャプテンバイソン,,2,1
u5,2023,1,,キャプテンバイソン,,3,1
u5,2023,1,,キャプテンバイソン,,4,1
u5,2023,1,,キャプテンバイソン,,5,0
u5,2023,1,,キャプテンバイソン,,6,0
u5,2023,1,,どんちっち,,1,0
u5,2023,1,,どんちっち,,2,0
u5,2023,1,,どんちっち,,3,0
u5,2023,1,,どんちっち,,4,0
u5,2023,1,,どんちっち,,5,0
u5,2023,1,,どんちっち,,6,1
u5,2023,1,,エナマキシマ,,1,0
u5,2023,1,,エナマキシマ,,2,0
u5,2023,1,,エナマキシマ,,3,0
u5,2023,1,,エナマキシマ,,4,0
u5,2023,1,,エナマキシマ,,5,0
u5,2023,1,,エナマキシマ,,6,0
u5,2023,1,,ライムギ,,1,0
u5,2023,1,,ライムギ,,2,0
u5,2023,1,,ライムギ,,3,0
u5,2023,1,,ライムギ,,4,0
u5,2023,1,,ライムギ,,5,0
u5,2023,1,,ライムギ,,6,0
u5,2023,1,,金魚番長,,1,1
u5,2023,1,,金魚番長,,2,1
u5,2023,1,,金魚番長,,3,1
u5,2023,1,,金魚番長,,4,1
u5,2023,1,,金魚番長,,5,1
u5,2023,1,,金魚番長,,6,1
u5,2023,2,,あくびぼうや,,1,0
u5,2023,2,,あくびぼうや,,2,0
u5,2023,2,,あくびぼうや,,3,0
u5,2023,2,,あくびぼうや,,4,0
u5,2023,2,,あくびぼうや,,5,0
u5,2023,2,,あくびぼうや,,6,0
u5,2023,2,,金魚番長,,1,1
u5,2023,2,,金魚番長,,2,0
u5,2023,2,,金魚番長,,3,1
u5,2023,2,,金魚番長,,4,1
u5,2023,2,,金魚番長,,5,0
u5,2023,2,,金魚番長,,6,1
u5,2023,2,,キャプテンバイソン,,1,0
u5,2023,2,,キャプテンバイソン,,2,1
u5,2023,2,,キャプテンバイソン,,3,0
u5,2023,2,,キャプテンバイソン,,4,0
u5,2023,2,,キャプテンバイソン,,5,1
u5,2023,2,,キャプテンバイソン,,6,0
u5,2024,1,,伝書鳩,,1,0
u5,2024,1,,伝書鳩,,2,0
u5,2024,1,,伝書鳩,,3,0
u5,2024,1,,伝書鳩,,4,0
u5,2024,1,,伝書鳩,,5,1
u5,2024,1,,伝書鳩,,6,0
u5,2024,1,,伝書鳩,,7,0
u5,2024,1,,マーティー,,1,0
u5,2024,1,,マーティー,,2,0
u5,2024,1,,マーティー,,3,0
u5,2024,1,,マーティー,,4,0
u5,2024,1,,マーティー,,5,0
u5,2024,1,,マーティー,,6,0
u5,2024,1,,マーティー,,7,0
u5,2024,1,,キャプテンバイソン,,1,1
u5,2024,1,,キャプテンバイソン,,2,1
u5,2024,1,,キャプテンバイソン,,3,1
u5,2024,1,,キャプテンバイソン,,4,1
u5,2024,1,,キャプテンバイソン,,5,0
u5,2024,1,,キャプテンバイソン,,6,1
u5,2024,1,,キャプテンバイソン,,7,1
u5,2024,1,,ライムギ,,1,0
u5,2024,1,,ライムギ,,2,0
u5,2024,1,,ライムギ,,3,0
u5,2024,1,,ライムギ,,4,0
u5,2024,1,,ライムギ,,5,0
u5,2024,1,,ライムギ,,6,0
u5,2024,1,,ライムギ,,7,0
u5,2024,1,,清川雄司,,1,0
u5,2024,1,,清川雄司,,2,0
u5,2024,1,,清川雄司,,3,1
u5,2024,1,,清川雄司,,4,1
u5,2024,1,,清川雄司,,5,1
u5,2024,1,,清川雄司,,6,1
u5,2024,1,,清川雄司,,7,0
u5,2024,1,,家族チャーハン,,1,1
u5,2024,1,,家族チャーハン,,2,1
u5,2024,1,,家族チャーハン,,3,0
u5,2024,1,,家族チャーハン,,4,0
u5,2024,1,,家族チャーハン,,5,0
u5,2024,1,,家族チャーハン,,6,0
u5,2024,1,,家族チャーハン,,7,1
u5,2024,1,,ぐろう,,1,1
u5,2024,1,,ぐろう,,2,0
u5,2024,1,,ぐろう,,3,0
u5,2024,1,,ぐろう,,4,0
u5,2024,1,,ぐろう,,5,1
u5,2024,1,,ぐろう,,6,0
u5,2024,1,,ぐろう,,7,0
u5,2024,1,,ツンツクツン万博,,1,0
u5,2024,1,,ツンツクツン万博,,2,1
u5,2024,1,,ツンツクツン万博,,3,1
u5,2024,1,,ツンツクツン万博,,4,1
u5,2024,1,,ツンツクツン万博,,5,0
u5,2024,1,,ツンツクツン万博,,6,0
u5,2024,1,,ツンツクツン万博,,7,0
u5,2024,1,,例えば炎,,1,0
u5,2024,1,,例えば炎,,2,0
u5,2024,1,,例えば炎,,3,0
u5,2024,1,,例えば炎,,4,0
u5,2024,1,,例えば炎,,5,0
u5,2024,1,,例えば炎,,6,1
u5,2024,1,,例えば炎,,7,1
u5,2024,2,,ツンツクツン万博,,1,0
u5,2024,2,,ツンツクツン万博,,2,0
u5,2024,2,,ツンツクツン万博,,3,0
u5,2024,2,,ツンツクツン万博,,4,0
u5,2024,2,,ツンツクツン万博,,5,0
u5,2024,2,,ツンツクツン万博,,6,0
u5,2024,2,,ツンツクツン万博,,7,0
u5,2024,2,,清川雄司,,1,1
u5,2024,2,,清川雄司,,2,0
u5,2024,2,,清川雄司,,3,1
u5,2024,2,,清川雄司,,4,1
u5,2024,2,,清川雄司,,5,0
u5,2024,2,,清川雄司,,6,1
u5,2024,2,,清川雄司,,7,1
u5,2024,2,,キャプテンバイソン,,1,0
u5,2024,2,,キャプテンバイソン,,2,1
u5,2024,2,,キャプテンバイソン,,3,0
u5,2024,2,,キャプテンバイソン,,4,0
u5,2024,2,,キャプテンバイソン,,5,1
u5,2024,2,,キャプテンバイソン,,6,0
u5,2024,2,,キャプテンバイソン,,7,0
u5,2025,1,,兄弟,,1,1
u5,2025,1,,兄弟,,2,0
u5,2025,1,,兄弟,,3,0
u5,2025,1,,兄弟,,4,1
u5,2025,1,,兄弟,,5,1
u5,2025,1,,兄弟,,6,1
u5,2025,1,,兄弟,,7,0
u5,2025,1,,生姜猫,,1,0
u5,2025,1,,生姜猫,,2,0
u5,2025,1,,生姜猫,,3,0
u5,2025,1,,生姜猫,,4,0
u5,2025,1,,生姜猫,,5,0
u5,2025,1,,生姜猫,,6,0
u5,2025,1,,生姜猫,,7,1
u5,2025,1,,無尽蔵,,1,0
u5,2025,1,,無尽蔵,,2,1
u5,2025,1,,無尽蔵,,3,1
u5,2025,1,,無尽蔵,,4,0
u5,2025,1,,無尽蔵,,5,0
u5,2025,1,,無尽蔵,,6,0
u5,2025,1,,無尽蔵,,7,0
u5,2025,1,,シカノシンプ,,1,1
u5,2025,1,,シカノシンプ,,2,1
u5,2025,1,,シカノシンプ,,3,1
u5,2025,1,,シカノシンプ,,4,1
u5,2025,1,,シカノシンプ,,5,0
u5,2025,1,,シカノシンプ,,6,0
u5,2025,1,,シカノシンプ,,7,0
u5,2025,1,,ぺ,,1,0
u5,2025,1,,ぺ,,2,0
u5,2025,1,,ぺ,,3,0
u5,2025,1,,ぺ,,4,0
u5,2025,1,,ぺ,,5,0
u5,2025,1,,ぺ,,6,1
u5,2025,1,,ぺ,,7,0
u5,2025,1,,釈迦虎,,1,0
u5,2025,1,,釈迦虎,,2,0
u5,2025,1,,釈迦虎,,3,0
u5,2025,1,,釈迦虎,,4,0
u5,2025,1,,釈迦虎,,5,1
u5,2025,1,,釈迦虎,,6,0
u5,2025,1,,釈迦虎,,7,1
u5,2025,1,,伝書鳩,,1,0
u5,2025,1,,伝書鳩,,2,0
u5,2025,1,,伝書鳩,,3,0
u5,2025,1,,伝書鳩,,4,0
u5,2025,1,,伝書鳩,,5,0
u5,2025,1,,伝書鳩,,6,0
u5,2025,1,,伝書鳩,,7,0
u5,2025,1,,あなたとネ,,1,1
u5,2025,1,,あなたとネ,,2,1
u5,2025,1,,あなたとネ,,3,1
u5,2025,1,,あなたとネ,,4,1
u5,2025,1,,あなたとネ,,5,1
u5,2025,1,,あなたとネ,,6,1
u5,2025,1,,あなたとネ,,7,0
u5,2025,1,,例えば炎,,1,0
u5,2025,1,,例えば炎,,2,0
u5,2025,1,,例えば炎,,3,0
u5,2025,1,,例えば炎,,4,0
u5,2025,1,,例えば炎,,5,0
u5,2025,1,,例えば炎,,6,0
u5,2025,1,,例えば炎,,7,1
u5,2025,2,,あなたとネ,,1,0
u5,2025,2,,あなたとネ,,2,1
u5,2025,2,,あなたとネ,,3,1
u5,2025,2,,あなたとネ,,4,0
u5,2025,2,,あなたとネ,,5,0
u5,2025,2,,あなたとネ,,6,1
u5,2025,2,,あなたとネ,,7,1
u5,2025,2,,兄弟,,1,0
u5,2025,2,,兄弟,,2,0
u5,2025,2,,兄弟,,3,0
u5,2025,2,,兄弟,,4,0
u5,2025,2,,兄弟,,5,0
u5,2025,2,,兄弟,,6,0
u5,2025,2,,兄弟,,7,0
u5,2025,2,,シカノシンプ,,1,1
u5,2025,2,,シカノシンプ,,2,0
u5,2025,2,,シカノシンプ,,3,0
u5,2025,2,,シカノシンプ,,4,1
u5,2025,2,,シカノシンプ,,5,1
u5,2025,2,,シカノシンプ,,6,0
u5,2025,2,,シカノシンプ,,7,0
uta,2013,1,,2700,,1,9
uta,2013,1,,2700,,2,9
uta,2013,1,,2700,,3,8
uta,2013,1,,2700,,4,9
uta,2013,1,,2700,,5,10
uta,2013,1,,2700,,6,8
uta,2013,1,,2700,,7,8
uta,2013,1,,2700,,8,8
uta,2013,1,,2700,,9,7
uta,2013,1,,2700,,10,9
uta,2013,1,,アイロンヘッド,,1,8
uta,2013,1,,アイロンヘッド,,2,8
uta,2013,1,,アイロンヘッド,,3,8
uta,2013,1,,アイロンヘッド,,4,8
uta,2013,1,,アイロンヘッド,,5,9
uta,2013,1,,アイロンヘッド,,6,8
uta,2013,1,,アイロンヘッド,,7,8
uta,2013,1,,アイロンヘッド,,8,7
uta,2013,1,,アイロンヘッド,,9,8
uta,2013,1,,アイロンヘッド,,10,10
uta,2013,1,,どぶろっく,,1,8
uta,2013,1,,どぶろっく,,2,9
uta,2013,1,,どぶろっく,,3,9
uta,2013,1,,どぶろっく,,4,9
uta,2013,1,,どぶろっく,,5,9
uta,2013,1,,どぶろっく,,6,8
uta,2013,1,,どぶろっく,,7,8
uta,2013,1,,どぶろっく,,8,9
uta,2013,1,,どぶろっく,,9,9
uta,2013,1,,どぶろっく,,10,7
uta,2013,1,,キンタロー。,,1,7
uta,2013,1,,キンタロー。,,2,7
uta,2013,1,,キンタロー。,,3,7
uta,2013,1,,キンタロー。,,4,8
uta,2013,1,,キンタロー。,,5,9
uta,2013,1,,キンタロー。,,6,8
uta,2013,1,,キンタロー。,,7,9
uta,2013,1,,キンタロー。,,8,9
uta,2013,1,,キンタロー。,,9,9
uta,2013,1,,キンタロー。,,10,7
uta,2013,1,,すち子＆真也,,1,8
uta,2013,1,,すち子＆真也,,2,8
uta,2013,1,,すち子＆真也,,3,8
uta,2013,1,,すち子＆真也,,4,9
uta,2013,1,,すち子＆真也,,5,10
uta,2013,1,,すち子＆真也,,6,9
uta,2013,1,,すち子＆真也,,7,8
uta,2013,1,,すち子＆真也,,8,10
uta,2013,1,,すち子＆真也,,9,9
uta,2013,1,,すち子＆真也,,10,8
uta,2013,1,,阿佐ヶ谷姉妹,,1,8
uta,2013,1,,阿佐ヶ谷姉妹,,2,8
uta,2013,1,,阿佐ヶ谷姉妹,,3,8
uta,2013,1,,阿佐ヶ谷姉妹,,4,8
uta,2013,1,,阿佐ヶ谷姉妹,,5,7
uta,2013,1,,阿佐ヶ谷姉妹,,6,8
uta,2013,1,,阿佐ヶ谷姉妹,,7,9
uta,2013,1,,阿佐ヶ谷姉妹,,8,8
uta,2013,1,,阿佐ヶ谷姉妹,,9,9
uta,2013,1,,阿佐ヶ谷姉妹,,10,8
uta,2013,1,,ななめ45°,,1,8
uta,2013,1,,ななめ45°,,2,8
uta,2013,1,,ななめ45°,,3,7
uta,2013,1,,ななめ45°,,4,9
uta,2013,1,,ななめ45°,,5,9
uta,2013,1,,ななめ45°,,6,8
uta,2013,1,,ななめ45°,,7,10
uta,2013,1,,ななめ45°,,8,9
uta,2013,1,,ななめ45°,,9,9
uta,2013,1,,ななめ45°,,10,9
uta,2013,1,,矢野号,,1,9
uta,2013,1,,矢野号,,2,9
uta,2013,1,,矢野号,,3,9
uta,2013,1,,矢野号,,4,8
uta,2013,1,,矢野号,,5,9
uta,2013,1,,矢野号,,6,8
uta,2013,1,,矢野号,,7,10
uta,2013,1,,矢野号,,8,9
uta,2013,1,,矢野号,,9,9
uta,2013,1,,矢野号,,10,8
uta,2013,1,,嘉門達夫,,1,8
uta,2013,1,,嘉門達夫,,2,8
uta,2013,1,,嘉門達夫,,3,8
uta,2013,1,,嘉門達夫,,4,8
uta,2013,1,,嘉門達夫,,5,8
uta,2013,1,,嘉門達夫,,6,9
uta,2013,1,,嘉門達夫,,7,8
uta,2013,1,,嘉門達夫,,8,9
uta,2013,1,,嘉門達夫,,9,9
uta,2013,1,,嘉門達夫,,10,8
uta,2013,1,,マキタスポーツ,,1,7
uta,2013,1,,マキタスポーツ,,2,8
uta,2013,1,,マキタスポーツ,,3,9
uta,2013,1,,マキタスポーツ,,4,8
uta,2013,1,,マキタスポーツ,,5,8
uta,2013,1,,マキタスポーツ,,6,8
uta,2013,1,,マキタスポーツ,,7,8
uta,2013,1,,マキタスポーツ,,8,8
uta,2013,1,,マキタスポーツ,,9,9
uta,2013,1,,マキタスポーツ,,10,9
uta,2013,2,,どぶろっく,,1,0
uta,2013,2,,どぶろっく,,2,1
uta,2013,2,,どぶろっく,,3,0
uta,2013,2,,どぶろっく,,4,0
uta,2013,2,,どぶろっく,,5,0
uta,2013,2,,どぶろっく,,6,0
uta,2013,2,,どぶろっく,,7,0
uta,2013,2,,どぶろっく,,8,0
uta,2013,2,,どぶろっく,,9,0
uta,2013,2,,どぶろっく,,10,0
uta,2013,2,,ななめ45°,,1,0
uta,2013,2,,ななめ45°,,2,0
uta,2013,2,,ななめ45°,,3,0
uta,2013,2,,ななめ45°,,4,0
uta,2013,2,,ななめ45°,,5,0
uta,2013,2,,ななめ45°,,6,1
uta,2013,2,,ななめ45°,,7,1
uta,2013,2,,ななめ45°,,8,0
uta,2013,2,,ななめ45°,,9,0
uta,2013,2,,ななめ45°,,10,0
uta,2013,2,,すち子＆真也,,1,0
uta,2013,2,,すち子＆真也,,2,0
uta,2013,2,,すち子＆真也,,3,1
uta,2013,2,,すち子＆真也,,4,1
uta,2013,2,,すち子＆真也,,5,1
uta,2013,2,,すち子＆真也,,6,0
uta,2013,2,,すち子＆真也,,7,0
uta,2013,2,,すち子＆真也,,8,1
uta,2013,2,,すち子＆真也,,9,1
uta,2013,2,,すち子＆真也,,10,1
uta,2013,2,,矢野号,,1,1
uta,2013,2,,矢野号,,2,0
uta,2013,2,,矢野号,,3,0
uta,2013,2,,矢野号,,4,0
uta,2013,2,,矢野号,,5,0
uta,2013,2,,矢野号,,6,0
uta,2013,2,,矢野号,,7,0
uta,2013,2,,矢野号,,8,0
uta,2013,2,,矢野号,,9,0
uta,2013,2,,矢野号,,10,0
uta,2014,1,,大福,,1,90
uta,2014,1,,大福,,2,94
uta,2014,1,,大福,,3,86
uta,2014,1,,大福,,4,88
uta,2014,1,,大福,,5,88
uta,2014,1,,大福,,6,90
uta,2014,1,,馬と魚,,1,86
uta,2014,1,,馬と魚,,2,93
uta,2014,1,,馬と魚,,3,90
uta,2014,1,,馬と魚,,4,94
uta,2014,1,,馬と魚,,5,95
uta,2014,1,,馬と魚,,6,93
uta,2014,1,,RG＆椿鬼奴,,1,93
uta,2014,1,,RG＆椿鬼奴,,2,96
uta,2014,1,,RG＆椿鬼奴,,3,93
uta,2014,1,,RG＆椿鬼奴,,4,95
uta,2014,1,,RG＆椿鬼奴,,5,94
uta,2014,1,,RG＆椿鬼奴,,6,94
uta,2014,1,,AMEMIYA,,1,92
uta,2014,1,,AMEMIYA,,2,92
uta,2014,1,,AMEMIYA,,3,91
uta,2014,1,,AMEMIYA,,4,97
uta,2014,1,,AMEMIYA,,5,92
uta,2014,1,,AMEMIYA,,6,92
uta,2014,1,,タブレット純,,1,89
uta,2014,1,,タブレット純,,2,94
uta,2014,1,,タブレット純,,3,92
uta,2014,1,,タブレット純,,4,99
uta,2014,1,,タブレット純,,5,93
uta,2014,1,,タブレット純,,6,94
uta,2014,1,,インスタントジョンソン,,1,96
uta,2014,1,,インスタントジョンソン,,2,96
uta,2014,1,,インスタントジョンソン,,3,95
uta,2014,1,,インスタントジョンソン,,4,96
uta,2014,1,,インスタントジョンソン,,5,92
uta,2014,1,,インスタントジョンソン,,6,93
uta,2014,1,,すち子＆真也,,1,97
uta,2014,1,,すち子＆真也,,2,95
uta,2014,1,,すち子＆真也,,3,95
uta,2014,1,,すち子＆真也,,4,98
uta,2014,1,,すち子＆真也,,5,95
uta,2014,1,,すち子＆真也,,6,93
uta,2014,1,,手賀沼ジュン,,1,90
uta,2014,1,,手賀沼ジュン,,2,100
uta,2014,1,,手賀沼ジュン,,3,99
uta,2014,1,,手賀沼ジュン,,4,99
uta,2014,1,,手賀沼ジュン,,5,99
uta,2014,1,,手賀沼ジュン,,6,95
uta,2014,2,,すち子＆真也,,1,95
uta,2014,2,,すち子＆真也,,2,97
uta,2014,2,,すち子＆真也,,3,95
uta,2014,2,,すち子＆真也,,4,99
uta,2014,2,,すち子＆真也,,5,98
uta,2014,2,,すち子＆真也,,6,98
uta,2014,2,,手賀沼ジュン,,1,92
uta,2014,2,,手賀沼ジュン,,2,97
uta,2014,2,,手賀沼ジュン,,3,99
uta,2014,2,,手賀沼ジュン,,4,100
uta,2014,2,,手賀沼ジュン,,5,100
uta,2014,2,,手賀沼ジュン,,6,99
uta,2015,1,,田中上野,,1,92
uta,2015,1,,田中上野,,2,95
uta,2015,1,,田中上野,,3,91
uta,2015,1,,田中上野,,4,87
uta,2015,1,,田中上野,,5,85
uta,2015,1,,どぶろっく,,1,95
uta,2015,1,,どぶろっく,,2,96
uta,2015,1,,どぶろっく,,3,96
uta,2015,1,,どぶろっく,,4,94
uta,2015,1,,どぶろっく,,5,93
uta,2015,1,,COWCOW,,1,95
uta,2015,1,,COWCOW,,2,90
uta,2015,1,,COWCOW,,3,92
uta,2015,1,,COWCOW,,4,95
uta,2015,1,,COWCOW,,5,95
uta,2015,1,,パーマ大佐,,1,88
uta,2015,1,,パーマ大佐,,2,90
uta,2015,1,,パーマ大佐,,3,88
uta,2015,1,,パーマ大佐,,4,87
uta,2015,1,,パーマ大佐,,5,93
uta,2015,1,,ドドん,,1,83
uta,2015,1,,ドドん,,2,88
uta,2015,1,,ドドん,,3,88
uta,2015,1,,ドドん,,4,86
uta,2015,1,,ドドん,,5,90
uta,2015,1,,バンビーノ,,1,93
uta,2015,1,,バンビーノ,,2,93
uta,2015,1,,バンビーノ,,3,93
uta,2015,1,,バンビーノ,,4,85
uta,2015,1,,バンビーノ,,5,95
uta,2015,1,,中山功太,,1,90
uta,2015,1,,中山功太,,2,96
uta,2015,1,,中山功太,,3,96
uta,2015,1,,中山功太,,4,96
uta,2015,1,,中山功太,,5,95
uta,2015,1,,2700,,1,83
uta,2015,1,,2700,,2,91
uta,2015,1,,2700,,3,92
uta,2015,1,,2700,,4,85
uta,2015,1,,2700,,5,89
uta,2015,2,,COWCOW,,1,98
uta,2015,2,,COWCOW,,2,93
uta,2015,2,,COWCOW,,3,96
uta,2015,2,,COWCOW,,4,96
uta,2015,2,,COWCOW,,5,93
uta,2015,2,,中山功太,,1,95
uta,2015,2,,中山功太,,2,96
uta,2015,2,,中山功太,,3,96
uta,2015,2,,中山功太,,4,94
uta,2015,2,,中山功太,,5,95
uta,2015,2,,どぶろっく,,1,94
uta,2015,2,,どぶろっく,,2,94
uta,2015,2,,どぶろっく,,3,92
uta,2015,2,,どぶろっく,,4,92
uta,2015,2,,どぶろっく,,5,93
uta,2016,1,,トット,,1,78
uta,2016,1,,トット,,2,88
uta,2016,1,,トット,,3,94
uta,2016,1,,トット,,4,93
uta,2016,1,,トット,,5,93
uta,2016,1,,シャンプーハット・こいで,,1,82
uta,2016,1,,シャンプーハット・こいで,,2,92
uta,2016,1,,シャンプーハット・こいで,,3,92
uta,2016,1,,シャンプーハット・こいで,,4,95
uta,2016,1,,シャンプーハット・こいで,,5,95
uta,2016,1,,かまいたち,,1,95
uta,2016,1,,かまいたち,,2,96
uta,2016,1,,かまいたち,,3,99
uta,2016,1,,かまいたち,,4,97
uta,2016,1,,かまいたち,,5,98
uta,2016,1,,まとばゆう,,1,88
uta,2016,1,,まとばゆう,,2,88
uta,2016,1,,まとばゆう,,3,96
uta,2016,1,,まとばゆう,,4,93
uta,2016,1,,まとばゆう,,5,96
uta,2016,1,,ゆたかな真也は一の介,,1,85
uta,2016,1,,ゆたかな真也は一の介,,2,90
uta,2016,1,,ゆたかな真也は一の介,,3,95
uta,2016,1,,ゆたかな真也は一の介,,4,96
uta,2016,1,,ゆたかな真也は一の介,,5,99
uta,2016,1,,チョコレートプラネット,,1,84
uta,2016,1,,チョコレートプラネット,,2,87
uta,2016,1,,チョコレートプラネット,,3,95
uta,2016,1,,チョコレートプラネット,,4,95
uta,2016,1,,チョコレートプラネット,,5,93
uta,2016,1,,どぶろっく,,1,89
uta,2016,1,,どぶろっく,,2,90
uta,2016,1,,どぶろっく,,3,96
uta,2016,1,,どぶろっく,,4,94
uta,2016,1,,どぶろっく,,5,93
uta,2016,1,,2700,,1,79
uta,2016,1,,2700,,2,87
uta,2016,1,,2700,,3,97
uta,2016,1,,2700,,4,95
uta,2016,1,,2700,,5,94
uta,2016,1,,ラニーノーズ,,1,85
uta,2016,1,,ラニーノーズ,,2,91
uta,2016,1,,ラニーノーズ,,3,95
uta,2016,1,,ラニーノーズ,,4,98
uta,2016,1,,ラニーノーズ,,5,96
uta,2016,2,,ラニーノーズ,,1,95
uta,2016,2,,ラニーノーズ,,2,95
uta,2016,2,,ラニーノーズ,,3,97
uta,2016,2,,ラニーノーズ,,4,98
uta,2016,2,,ラニーノーズ,,5,96
uta,2016,2,,ゆたかな真也は一の介,,1,93
uta,2016,2,,ゆたかな真也は一の介,,2,89
uta,2016,2,,ゆたかな真也は一の介,,3,97
uta,2016,2,,ゆたかな真也は一の介,,4,95
uta,2016,2,,ゆたかな真也は一の介,,5,95
uta,2016,2,,かまいたち,,1,94
uta,2016,2,,かまいたち,,2,94
uta,2016,2,,かまいたち,,3,98
uta,2016,2,,かまいたち,,4,98
uta,2016,2,,かまいたち,,5,97
uta,2017,1,,COWCOW,,1,93
uta,2017,1,,COWCOW,,2,90
uta,2017,1,,COWCOW,,3,89
uta,2017,1,,COWCOW,,4,91
uta,2017,1,,COWCOW,,5,90
uta,2017,1,,ゆりやんレトリィバァ,,1,95
uta,2017,1,,ゆりやんレトリィバァ,,2,92
uta,2017,1,,ゆりやんレトリィバァ,,3,87
uta,2017,1,,ゆりやんレトリィバァ,,4,87
uta,2017,1,,ゆりやんレトリィバァ,,5,89
uta,2017,1,,ANZEN漫才,,1,93
uta,2017,1,,ANZEN漫才,,2,92
uta,2017,1,,ANZEN漫才,,3,87
uta,2017,1,,ANZEN漫才,,4,89
uta,2017,1,,ANZEN漫才,,5,90
uta,2017,1,,霜降り明星,,1,91
uta,2017,1,,霜降り明星,,2,89
uta,2017,1,,霜降り明星,,3,89
uta,2017,1,,霜降り明星,,4,85
uta,2017,1,,霜降り明星,,5,89
uta,2017,1,,カミナリ,,1,92
uta,2017,1,,カミナリ,,2,91
uta,2017,1,,カミナリ,,3,88
uta,2017,1,,カミナリ,,4,93
uta,2017,1,,カミナリ,,5,88
uta,2017,1,,ASH＆Dコーポレーション,,1,93
uta,2017,1,,ASH＆Dコーポレーション,,2,89
uta,2017,1,,ASH＆Dコーポレーション,,3,87
uta,2017,1,,ASH＆Dコーポレーション,,4,87
uta,2017,1,,ASH＆Dコーポレーション,,5,87
uta,2017,1,,パーマ大佐,,1,92
uta,2017,1,,パーマ大佐,,2,91
uta,2017,1,,パーマ大佐,,3,89
uta,2017,1,,パーマ大佐,,4,88
uta,2017,1,,パーマ大佐,,5,88
uta,2017,1,,藤崎マーケット,,1,95
uta,2017,1,,藤崎マーケット,,2,93
uta,2017,1,,藤崎マーケット,,3,93
uta,2017,1,,藤崎マーケット,,4,94
uta,2017,1,,藤崎マーケット,,5,94
uta,2017,1,,ナイツ,,1,93
uta,2017,1,,ナイツ,,2,93
uta,2017,1,,ナイツ,,3,89
uta,2017,1,,ナイツ,,4,90
uta,2017,1,,ナイツ,,5,87
uta,2017,2,,ナイツ,,1,94
uta,2017,2,,ナイツ,,2,93
uta,2017,2,,ナイツ,,3,93
uta,2017,2,,ナイツ,,4,93
uta,2017,2,,ナイツ,,5,90
uta,2017,2,,COWCOW,,1,92
uta,2017,2,,COWCOW,,2,95
uta,2017,2,,COWCOW,,3,90
uta,2017,2,,COWCOW,,4,94
uta,2017,2,,COWCOW,,5,89
uta,2017,2,,藤崎マーケット,,1,92
uta,2017,2,,藤崎マーケット,,2,94
uta,2017,2,,藤崎マーケット,,3,92
uta,2017,2,,藤崎マーケット,,4,92
uta,2017,2,,藤崎マーケット,,5,95
uta,2018,1,,トット,,1,85
uta,2018,1,,トット,,2,85
uta,2018,1,,トット,,3,88
uta,2018,1,,トット,,4,87
uta,2018,1,,トット,,5,85
uta,2018,1,,さや香,,1,88
uta,2018,1,,さや香,,2,90
uta,2018,1,,さや香,,3,91
uta,2018,1,,さや香,,4,89
uta,2018,1,,さや香,,5,89
uta,2018,1,,アキラ100％,,1,87
uta,2018,1,,アキラ100％,,2,92
uta,2018,1,,アキラ100％,,3,87
uta,2018,1,,アキラ100％,,4,88
uta,2018,1,,アキラ100％,,5,87
uta,2018,1,,ミキ,,1,85
uta,2018,1,,ミキ,,2,84
uta,2018,1,,ミキ,,3,88
uta,2018,1,,ミキ,,4,91
uta,2018,1,,ミキ,,5,89
uta,2018,1,,超新塾,3,1,88
uta,2018,1,,超新塾,3,2,84
uta,2018,1,,超新塾,3,3,92
uta,2018,1,,超新塾,3,4,92
uta,2018,1,,超新塾,3,5,92
uta,2018,1,,メンバー,,1,100
uta,2018,1,,メンバー,,2,100
uta,2018,1,,メンバー,,3,95
uta,2018,1,,メンバー,,4,95
uta,2018,1,,メンバー,,5,96
uta,2018,1,,ニッチェ,,1,90
uta,2018,1,,ニッチェ,,2,88
uta,2018,1,,ニッチェ,,3,93
uta,2018,1,,ニッチェ,,4,89
uta,2018,1,,ニッチェ,,5,89
uta,2018,1,,アイロンヘッド,,1,98
uta,2018,1,,アイロンヘッド,,2,98
uta,2018,1,,アイロンヘッド,,3,94
uta,2018,1,,アイロンヘッド,,4,95
uta,2018,1,,アイロンヘッド,,5,95
uta,2018,1,,どぶろっく,,1,99
uta,2018,1,,どぶろっく,,2,99
uta,2018,1,,どぶろっく,,3,94
uta,2018,1,,どぶろっく,,4,96
uta,2018,1,,どぶろっく,,5,95
uta,2018,2,,アイロンヘッド,,1,96
uta,2018,2,,アイロンヘッド,,2,98
uta,2018,2,,アイロンヘッド,,3,94
uta,2018,2,,アイロンヘッド,,4,93
uta,2018,2,,アイロンヘッド,,5,97
uta,2018,2,,どぶろっく,,1,97
uta,2018,2,,どぶろっく,,2,99
uta,2018,2,,どぶろっく,,3,95
uta,2018,2,,どぶろっく,,4,95
uta,2018,2,,どぶろっく,,5,95
uta,2018,2,,メンバー,,1,99
uta,2018,2,,メンバー,,2,100
uta,2018,2,,メンバー,,3,94
uta,2018,2,,メンバー,,4,95
uta,2018,2,,メンバー,,5,98
uta,2019,1,,令和喜多みな実,,1,95
uta,2019,1,,令和喜多みな実,,2,90
uta,2019,1,,令和喜多みな実,,3,92
uta,2019,1,,令和喜多みな実,,4,92
uta,2019,1,,令和喜多みな実,,5,92
uta,2019,1,,ラニーノーズ,,1,96
uta,2019,1,,ラニーノーズ,,2,93
uta,2019,1,,ラニーノーズ,,3,94
uta,2019,1,,ラニーノーズ,,4,95
uta,2019,1,,ラニーノーズ,,5,95
uta,2019,1,,天才ピアニスト,,1,92
uta,2019,1,,天才ピアニスト,,2,90
uta,2019,1,,天才ピアニスト,,3,90
uta,2019,1,,天才ピアニスト,,4,90
uta,2019,1,,天才ピアニスト,,5,87
uta,2019,1,,きつね,,1,93
uta,2019,1,,きつね,,2,94
uta,2019,1,,きつね,,3,95
uta,2019,1,,きつね,,4,95
uta,2019,1,,きつね,,5,93
uta,2019,1,,お見送り芸人しんいち,,1,97
uta,2019,1,,お見送り芸人しんいち,,2,95
uta,2019,1,,お見送り芸人しんいち,,3,92
uta,2019,1,,お見送り芸人しんいち,,4,93
uta,2019,1,,お見送り芸人しんいち,,5,90
uta,2019,1,,新作のハーモニカ,,1,94
uta,2019,1,,新作のハーモニカ,,2,90
uta,2019,1,,新作のハーモニカ,,3,93
uta,2019,1,,新作のハーモニカ,,4,93
uta,2019,1,,新作のハーモニカ,,5,96
uta,2019,1,,メンバー,,1,94
uta,2019,1,,メンバー,,2,93
uta,2019,1,,メンバー,,3,95
uta,2019,1,,メンバー,,4,93
uta,2019,1,,メンバー,,5,94
uta,2019,1,,友近・ゆりやんレトリィバァ,,1,94
uta,2019,1,,友近・ゆりやんレトリィバァ,,2,94
uta,2019,1,,友近・ゆりやんレトリィバァ,,3,95
uta,2019,1,,友近・ゆりやんレトリィバァ,,4,95
uta,2019,1,,友近・ゆりやんレトリィバァ,,5,92
uta,2019,1,,ナイツ,,1,92
uta,2019,1,,ナイツ,,2,94
uta,2019,1,,ナイツ,,3,96
uta,2019,1,,ナイツ,,4,91
uta,2019,1,,ナイツ,,5,90
uta,2019,2,,きつね,,1,96
uta,2019,2,,きつね,,2,95
uta,2019,2,,きつね,,3,96
uta,2019,2,,きつね,,4,93
uta,2019,2,,きつね,,5,95
uta,2019,2,,友近・ゆりやんレトリィバァ,,1,93
uta,2019,2,,友近・ゆりやんレトリィバァ,,2,93
uta,2019,2,,友近・ゆりやんレトリィバァ,,3,97
uta,2019,2,,友近・ゆりやんレトリィバァ,,4,94
uta,2019,2,,友近・ゆりやんレトリィバァ,,5,94
uta,2019,2,,ラニーノーズ,,1,96
uta,2019,2,,ラニーノーズ,,2,95
uta,2019,2,,ラニーノーズ,,3,98
uta,2019,2,,ラニーノーズ,,4,95
uta,2019,2,,ラニーノーズ,,5,97
uta,2020,1,,ジャングルポケット,,1,88
uta,2020,1,,ジャングルポケット,,2,88
uta,2020,1,,ジャングルポケット,,3,85
uta,2020,1,,ジャングルポケット,,4,85
uta,2020,1,,ジャングルポケット,,5,92
uta,2020,1,,きつね,,1,92
uta,2020,1,,きつね,,2,91
uta,2020,1,,きつね,,3,95
uta,2020,1,,きつね,,4,89
uta,2020,1,,きつね,,5,94
uta,2020,1,,さや香,,1,93
uta,2020,1,,さや香,,2,90
uta,2020,1,,さや香,,3,93
uta,2020,1,,さや香,,4,91
uta,2020,1,,さや香,,5,95
uta,2020,1,,アイロンヘッド,,1,94
uta,2020,1,,アイロンヘッド,,2,87
uta,2020,1,,アイロンヘッド,,3,96
uta,2020,1,,アイロンヘッド,,4,86
uta,2020,1,,アイロンヘッド,,5,93
uta,2020,1,,うしろシティ,,1,91
uta,2020,1,,うしろシティ,,2,89
uta,2020,1,,うしろシティ,,3,96
uta,2020,1,,うしろシティ,,4,92
uta,2020,1,,うしろシティ,,5,93
uta,2020,1,,SAKURAI,,1,93
uta,2020,1,,SAKURAI,,2,86
uta,2020,1,,SAKURAI,,3,96
uta,2020,1,,SAKURAI,,4,92
uta,2020,1,,SAKURAI,,5,92
uta,2020,1,,五次元のシャボン玉,,1,91
uta,2020,1,,五次元のシャボン玉,,2,85
uta,2020,1,,五次元のシャボン玉,,3,93
uta,2020,1,,五次元のシャボン玉,,4,85
uta,2020,1,,五次元のシャボン玉,,5,91
uta,2020,1,,お見送り芸人しんいち,,1,94
uta,2020,1,,お見送り芸人しんいち,,2,86
uta,2020,1,,お見送り芸人しんいち,,3,90
uta,2020,1,,お見送り芸人しんいち,,4,86
uta,2020,1,,お見送り芸人しんいち,,5,89
uta,2020,1,,こがけん,,1,91
uta,2020,1,,こがけん,,2,89
uta,2020,1,,こがけん,,3,94
uta,2020,1,,こがけん,,4,89
uta,2020,1,,こがけん,,5,93
uta,2020,2,,きつね,,1,95
uta,2020,2,,きつね,,2,90
uta,2020,2,,きつね,,3,94
uta,2020,2,,きつね,,4,90
uta,2020,2,,きつね,,5,94
uta,2020,2,,うしろシティ,,1,92
uta,2020,2,,うしろシティ,,2,92
uta,2020,2,,うしろシティ,,3,93
uta,2020,2,,うしろシティ,,4,88
uta,2020,2,,うしろシティ,,5,92
uta,2020,2,,さや香,,1,94
uta,2020,2,,さや香,,2,93
uta,2020,2,,さや香,,3,92
uta,2020,2,,さや香,,4,89
uta,2020,2,,さや香,,5,95
uta,2021,1,,ラブレターズ,,1,92
uta,2021,1,,ラブレターズ,,2,88
uta,2021,1,,ラブレターズ,,3,87
uta,2021,1,,ラブレターズ,,4,92
uta,2021,1,,ラブレターズ,,5,92
uta,2021,1,,ラブレターズ,,6,90
uta,2021,1,,アイロンヘッド,,1,95
uta,2021,1,,アイロンヘッド,,2,91
uta,2021,1,,アイロンヘッド,,3,91
uta,2021,1,,アイロンヘッド,,4,95
uta,2021,1,,アイロンヘッド,,5,91
uta,2021,1,,アイロンヘッド,,6,93
uta,2021,1,,きつね,,1,88
uta,2021,1,,きつね,,2,89
uta,2021,1,,きつね,,3,90
uta,2021,1,,きつね,,4,95
uta,2021,1,,きつね,,5,87
uta,2021,1,,きつね,,6,91
uta,2021,1,,ミクミクサイダー,,1,93
uta,2021,1,,ミクミクサイダー,,2,90
uta,2021,1,,ミクミクサイダー,,3,94
uta,2021,1,,ミクミクサイダー,,4,96
uta,2021,1,,ミクミクサイダー,,5,94
uta,2021,1,,ミクミクサイダー,,6,94
uta,2021,1,,ダブルヒガシ,,1,97
uta,2021,1,,ダブルヒガシ,,2,95
uta,2021,1,,ダブルヒガシ,,3,95
uta,2021,1,,ダブルヒガシ,,4,96
uta,2021,1,,ダブルヒガシ,,5,92
uta,2021,1,,ダブルヒガシ,,6,95
uta,2021,1,,メンバー,,1,93
uta,2021,1,,メンバー,,2,96
uta,2021,1,,メンバー,,3,96
uta,2021,1,,メンバー,,4,95
uta,2021,1,,メンバー,,5,93
uta,2021,1,,メンバー,,6,93
uta,2021,1,,ホーリーオーギー,,1,90
uta,2021,1,,ホーリーオーギー,,2,93
uta,2021,1,,ホーリーオーギー,,3,94
uta,2021,1,,ホーリーオーギー,,4,94
uta,2021,1,,ホーリーオーギー,,5,90
uta,2021,1,,ホーリーオーギー,,6,94
uta,2021,1,,こがけん,,1,95
uta,2021,1,,こがけん,,2,96
uta,2021,1,,こがけん,,3,96
uta,2021,1,,こがけん,,4,94
uta,2021,1,,こがけん,,5,92
uta,2021,1,,こがけん,,6,95
uta,2021,1,,ZAZY,,1,99
uta,2021,1,,ZAZY,,2,93
uta,2021,1,,ZAZY,,3,95
uta,2021,1,,ZAZY,,4,95
uta,2021,1,,ZAZY,,5,94
uta,2021,1,,ZAZY,,6,94
uta,2021,2,,こがけん,,1,90
uta,2021,2,,こがけん,,2,92
uta,2021,2,,こがけん,,3,90
uta,2021,2,,こがけん,,4,94
uta,2021,2,,こがけん,,5,95
uta,2021,2,,こがけん,,6,93
uta,2021,2,,ダブルヒガシ,,1,92
uta,2021,2,,ダブルヒガシ,,2,94
uta,2021,2,,ダブルヒガシ,,3,95
uta,2021,2,,ダブルヒガシ,,4,97
uta,2021,2,,ダブルヒガシ,,5,94
uta,2021,2,,ダブルヒガシ,,6,95
uta,2021,2,,ZAZY,,1,94
uta,2021,2,,ZAZY,,2,93
uta,2021,2,,ZAZY,,3,99
uta,2021,2,,ZAZY,,4,98
uta,2021,2,,ZAZY,,5,97
uta,2021,2,,ZAZY,,6,99
nhks,2025,1,,マイスイートメモリーズ,,1,1
nhks,2025,1,,マイスイートメモリーズ,,2,1
nhks,2025,1,,マイスイートメモリーズ,,3,0
nhks,2025,1,,マイスイートメモリーズ,,4,0
nhks,2025,1,,マイスイートメモリーズ,,5,1
nhks,2025,1,,マイスイートメモリーズ,,6,1
nhks,2025,1,,マイスイートメモリーズ,,7,0
nhks,2025,1,,金の国,,1,0
nhks,2025,1,,金の国,,2,0
nhks,2025,1,,金の国,,3,0
nhks,2025,1,,金の国,,4,0
nhks,2025,1,,金の国,,5,0
nhks,2025,1,,金の国,,6,0
nhks,2025,1,,金の国,,7,0
nhks,2025,1,,cacao,,1,0
nhks,2025,1,,cacao,,2,0
nhks,2025,1,,cacao,,3,0
nhks,2025,1,,cacao,,4,0
nhks,2025,1,,cacao,,5,0
nhks,2025,1,,cacao,,6,0
nhks,2025,1,,cacao,,7,1
nhks,2025,1,,家族チャーハン,,1,0
nhks,2025,1,,家族チャーハン,,2,0
nhks,2025,1,,家族チャーハン,,3,1
nhks,2025,1,,家族チャーハン,,4,1
nhks,2025,1,,家族チャーハン,,5,0
nhks,2025,1,,家族チャーハン,,6,0
nhks,2025,1,,家族チャーハン,,7,0
nhks,2025,1,,豪快キャプテン,,1,0
nhks,2025,1,,豪快キャプテン,,2,0
nhks,2025,1,,豪快キャプテン,,3,0
nhks,2025,1,,豪快キャプテン,,4,0
nhks,2025,1,,豪快キャプテン,,5,0
nhks,2025,1,,豪快キャプテン,,6,1
nhks,2025,1,,豪快キャプテン,,7,0
nhks,2025,1,,四千頭身,,1,0
nhks,2025,1,,四千頭身,,2,0
nhks,2025,1,,四千頭身,,3,0
nhks,2025,1,,四千頭身,,4,0
nhks,2025,1,,四千頭身,,5,0
nhks,2025,1,,四千頭身,,6,0
nhks,2025,1,,四千頭身,,7,0
nhks,2025,1,,生姜猫,,1,0
nhks,2025,1,,生姜猫,,2,1
nhks,2025,1,,生姜猫,,3,1
nhks,2025,1,,生姜猫,,4,1
nhks,2025,1,,生姜猫,,5,1
nhks,2025,1,,生姜猫,,6,0
nhks,2025,1,,生姜猫,,7,1
nhks,2025,1,,ヨネダ2000,,1,1
nhks,2025,1,,ヨネダ2000,,2,0
nhks,2025,1,,ヨネダ2000,,3,0
nhks,2025,1,,ヨネダ2000,,4,0
nhks,2025,1,,ヨネダ2000,,5,0
nhks,2025,1,,ヨネダ2000,,6,0
nhks,2025,1,,ヨネダ2000,,7,0
nhks,2025,2,,マイスイートメモリーズ,,1,1
nhks,2025,2,,マイスイートメモリーズ,,2,1
nhks,2025,2,,マイスイートメモリーズ,,3,0
nhks,2025,2,,マイスイートメモリーズ,,4,0
nhks,2025,2,,マイスイートメモリーズ,,5,0
nhks,2025,2,,マイスイートメモリーズ,,6,1
nhks,2025,2,,マイスイートメモリーズ,,7,1
nhks,2025,2,,生姜猫,,1,0
nhks,2025,2,,生姜猫,,2,0
nhks,2025,2,,生姜猫,,3,1
nhks,2025,2,,生姜猫,,4,1
nhks,2025,2,,生姜猫,,5,1
nhks,2025,2,,生姜猫,,6,0
nhks,2025,2,,生姜猫,,7,0
