unit_name,unit_number,person_name,person_number
おいでやすこが,,おいでやす小田,
おいでやすこが,,こがけん,
NON STYLE,,石田明,
怪奇！YesどんぐりRPG,,サツマカワRPG,
怪奇！YesどんぐりRPG,,Yes!アキト,
アジアン,,馬場園梓,
アインシュタイン,,稲田直樹,
ロビンフット,,おぐ,
かが屋,,賀屋壮也,
コットン,,きょん,
さや香,,新山,
スリムクラブ,,真栄田賢,
すゑひろがりず,,南條庄助,
だーりんず,,松本りんす,
チョコレートプラネット,,松尾駿,
チョコレートプラネット,,長田庄平,
トンツカタン,,お抹茶,
ザ・プラン9,,なだぎ武,
ザ・プラン9,,ヤナギブソン,
ザ・プラン9,,浅越ゴエ,
ザ・プラン9,1,ヤナギブソン,
ザ・プラン9,1,浅越ゴエ,
ななまがり,,森下直人,
パーパー,,ほしのディスコ,
ベルナルド,,ハギノリザードマン,
バッファロー吾郎,,バッファロー吾郎A,
今夜も星が綺麗,,ヒロ・オクムラ,
プラス・マイナス,,シャドウ岩橋,
マヂカルラブリー,,野田クリスタル,
レイザーラモン,,RG,
最高の人間,,岡野陽一,
最高の人間,,吉住,
夜ふかしの会,,鬼頭真也,
巨匠,,岡野陽一,
金の国,,渡部おにぎり,
千鳥,,大悟,
麒麟,,川島明,
霜降り明星,,せいや,
霜降り明星,,粗品,
チュートリアル,,徳井義実,
博多華丸・大吉,,博多華丸,
アームストロング,,とにかく明るい安村,
ザ☆健康ボーイズ,,なかやまきんに君,
ジャリズム,,桂三度,
デニッシュ,,ミヤシタガク,
シャンプーハット,,恋さん,
COWCOW,,多田健二,
COWCOW,,善し,
トゥリオ,,サツマカワRPG,
チョコンヌ,,松尾駿,
チョコンヌ,,長田庄平,
マンプクトリオ,,マツモトクラブ,
クロスバー直撃,,前野悠介,
野性爆弾,,くっきー！,
豪快キャプテン,,山下ギャンブルゴリラ,
豪快キャプテン,,べーやん,
20世紀,,しげ,
20世紀,,木本悠斗,
タチマチ,,安達周平,
タチマチ,,胡内佑介,
ラメ入り,,うに,
ラメ入り,,静流,
天才ピアニスト,,竹内知咲,
天才ピアニスト,,ますみ,
ハスキーポーズ,,ただただし,
ハスキーポーズ,,リキライス,
ハスキーポーズ,,ナベ,
もも,,せめる。,
もも,,まもる。,
華山,,にこらす,
華山,,やすい,
釈迦虎,,岡本峻,
釈迦虎,,久保バトル泰志,
チェリー大作戦,,宗安聖,
チェリー大作戦,,ねんど,
彼岸花,,田中雄大,
彼岸花,,坂本拓馬,
ぎょうぶ,,澤畑健二,
ぎょうぶ,,為国,
翠星チークダンス,,ちろる,
翠星チークダンス,,木佐,
マーティー,,真平,
マーティー,,ホソ,
ダブルヒガシ,,東良介,
ダブルヒガシ,,大東翔生,
鬼としみちゃむ,,鬼沢さん,
鬼としみちゃむ,,しみちゃむ,
センリーズ,,テコンドー近藤,
センリーズ,,きたしろ,
オーパスツー,,しんじょう,
オーパスツー,,大ちゃん,
例えば炎,,田上,
例えば炎,,タキノルイ,
たくろう,,赤木裕,
たくろう,,きむらバンド,
生姜猫,,カンサイ,
生姜猫,,ケージュ,
生姜猫,,川﨑,
ライムギ,,れんぺい,
ライムギ,,なつみ,
チューリップフィクサー,,シゲカズです,
チューリップフィクサー,,白桃ピーチよぴぴ,
ネイビーズアフロ,,はじり,
ネイビーズアフロ,,みながわ,
空前メテオ,,茶屋,
空前メテオ,,大門正尚,
マーメイド,,テクニック。,
マーメイド,,田村境祐,
カシスオレンジ,,仲本新,
カシスオレンジ,,ポッポ,
ドーナツ・ピーナツ,,ドーナツ,
ドーナツ・ピーナツ,,ピーナツ,
ザ・布団,,江原,
ザ・布団,,TNB,
フースーヤ,,谷口理,
フースーヤ,,田中ショータイム,
牛ぺぺ,,ゆたか,
牛ぺぺ,,おねえちゃん,
タイムキーパー,,まついあきら,
タイムキーパー,,ひでき,
マイスイートメモリーズ,,花谷豊,
マイスイートメモリーズ,,トランスフォーム福田,
隣人,,橋本市民球場,
隣人,,中村遊直,
愛凛冴,,玲二,
愛凛冴,,横山,
三遊間,,さくらい,
三遊間,,稲継諒,
黒帯,,てらうち,
黒帯,,大西進,
カベポスター,,浜田順平,
カベポスター,,永見大吾,
ジョックロック,,ゆうじろー,
ジョックロック,,福本ユウショウ,
ロングコートダディ,,兎,
ロングコートダディ,,堂前透,
豆鉄砲,,東健太郎,
豆鉄砲,,ホセ,
十九人,,ゆッちゃんw,
十九人,,松永勝忢,
スタミナパン,,トシダタカヒデ,
スタミナパン,,麻婆,
オズワルド,,伊藤俊介,
オズワルド,,畠中悠,
カラタチ,,大山和也,
カラタチ,,前田壮太,
ドンデコルテ,,渡辺銀次,
ドンデコルテ,,小橋共作,
ママタルト,,大鶴肥満,
ママタルト,,檜原洋平,
家族チャーハン,,江頭,
家族チャーハン,,大石,
今夜も星が綺麗,,三福エンターテイメント,
ちょんまげラーメン,,きむ,
ちょんまげラーメン,,田渕章裕,
バッテリィズ,,寺家,
バッテリィズ,,エース,
金魚番長,,古市勇介,
金魚番長,,箕輪智征,
男性ブランコ,,平井まさあき,
男性ブランコ,,浦井のりひろ,
マユリカ,,中谷,
マユリカ,,阪本,
滝音,,秋定遼太郎,
滝音,,さすけ,
ナイチンゲールダンス,,ヤス,
ナイチンゲールダンス,,中野なかるてぃん,
ダンビラムーチョ,,原田フニャオ,
ダンビラムーチョ,,大原優一,
ヤーレンズ,,出井隼之介,
ヤーレンズ,,楢原真樹,
ダイタク,,吉本拓,
ダイタク,,吉本大,
ひつじねいり,,松村祥維,
ひつじねいり,,細田祥平,
真空ジェシカ,,川北茂澄,
真空ジェシカ,,ガク,
シシガシラ,,脇田,
シシガシラ,,浜中英昌,
エバース,,町田和樹,
エバース,,佐々木隆史,
令和ロマン,,松井ケムリ,
令和ロマン,,髙比良くるま,
トム・ブラウン,,みちお,
トム・ブラウン,,布川ひろき,
カンフーカンフー,,チェン,
カンフーカンフー,,キムリョンス,
茜250cc,,小泉,
茜250cc,,善家カズマサ,
タレンチ,,コバタユウ,
タレンチ,,芝田大輝,
駐輪ガム,,南,
駐輪ガム,,トランクス,
帝国チーズグラタン,,さかけん,
帝国チーズグラタン,,きのしたさとし,
涼風,,2000000000000京,
涼風,,松尾だいち,
ぐろう,,家村涼太,
ぐろう,,高松巧,
いつもたいしゃ,,黒田,
いつもたいしゃ,,シンジ君,
イチオク,,ないすケン,
イチオク,,タケヤ,
スナフキンズ,,朝地亮介,
スナフキンズ,,松永ボディ,
ヤマシタマキシ,,やました,
ヤマシタマキシ,,真輝志,
からし蓮根,,青空,1
からし蓮根,,伊織ラッキー,
セルライトスパ,,大須賀健剛,
セルライトスパ,,肥後裕之,
ミキ,,昴生,
ミキ,,亜生,
オーサカクレオパトラ,,りえちゃん,
オーサカクレオパトラ,,かつのぶさん,
パーティーパーティー,,ひらかわ,
パーティーパーティー,,きむきむ,
デルマパンゲ,,広木英介,
デルマパンゲ,,迫田篤,
TOKYO COOL,,前すすむ,
TOKYO COOL,,カンカン,
アズーロ24,,平賀笙馬,
アズーロ24,,加藤祐樹,
紅しょうが,,熊元プロレス,
紅しょうが,,稲田美紀,
マウンテンブック,,山本ゆずき,
マウンテンブック,,山本いずみ,
EXIT,,兼近大樹,
EXIT,,りんたろー。,
さすらいラビー,,宇野慎太郎,
さすらいラビー,,中田和伸,
きつね日和,,松本昌大,
きつね日和,,おいなり達也,
ガクヅケ,,木田,
ガクヅケ,,船引亮佑,
マリーマリー,,えびちゃん,
マリーマリー,,タコス,
じぐざぐ,,阿部未来,
じぐざぐ,,ジャンプ,
オフローズ,,明賀愛貴,
オフローズ,,カンノコレクション,
オフローズ,,宮崎駿介,
きしたかの,,岸大将,
きしたかの,,高野正成,
トンツカタン,,櫻田佑,
トンツカタン,,お抹茶,
トンツカタン,,森本晋太郎,
キンボシ,,有宗先生,
キンボシ,,西田淳裕,
ダンゴ虫たち,,けんぞう,
ダンゴ虫たち,,荻野将太朗,
ダンゴ虫たち,,さかざきまさき,
戦慄のピーカブー,,渋木プロテインおやじ,
戦慄のピーカブー,,いしはらあゆむ,
カナメストーン,,零士,
カナメストーン,,山口誠,
世間知らズ,,椎木ゆうた,
世間知らズ,,さおり,
ちゃんぴおんず,,大ちゃん,1
ちゃんぴおんず,,日本一おもしろい大崎,
コロコロチキチキペッパーズ,,西野創人,
コロコロチキチキペッパーズ,,ナダル,
東京ホテイソン,,ショーゴ,
東京ホテイソン,,たける,
くらげ,,渡辺翔太,
くらげ,,杉昇,
ネコニスズ,,舘野忠臣,
ネコニスズ,,ヤマゲン,
ドラゴン,,山内仁平,
ドラゴン,,鈴木バイダン,
カーネーション,,吉田結衣,
カーネーション,,岡下雅典,
TCクラクション,,坂本NO.1,
TCクラクション,,古家曇天,
太鵬,,がえちゃん,
太鵬,,太朗,
カゲヤマ,,益田康平,
カゲヤマ,,タバやん。,
ゆにばーす,,川瀬名人,
ゆにばーす,,はら,
ビスケットブラザーズ,,原田泰雅,
ビスケットブラザーズ,,きん,
ヨネダ2000,,愛,
ヨネダ2000,,誠,
ラパルフェ,,尾身智志,
ラパルフェ,,都留拓也,
レインボー,,池田直人,
レインボー,,ジャンボたかお,
シンクロニシティ,,よしおか,
シンクロニシティ,,西野諒太郎,
コットン,,きょん,
コットン,,西村真二,
ぱろぱろ,,わだあきや,
ぱろぱろ,,大久保健,
無尽蔵,,やまぎわ,
無尽蔵,,野尻,
夕げ,,石井,
夕げ,,鈴木マキアート,
ボブのコーラ,,とあ,
ボブのコーラ,,本田たかお,
パパパスタ!?,,惹女香花,
パパパスタ!?,,泉,
鶴亀,,古賀充泰,
鶴亀,,舟生,
シモリュウ,,前田龍二,
シモリュウ,,シモタ,
サルベース,,ともやっぷ,
サルベース,,折田智久,
サルベース,,松山弘樹,
スロッピ,,ななえ,
スロッピ,,松間サタデー,
軟水,,つるまる,
軟水,,大川内聡,
四千頭身,,石橋遼大,
四千頭身,,後藤拓実,
四千頭身,,都築拓紀,
フランスピアノ,,ヨーヘー,
フランスピアノ,,なかがわりょう,
ワラバランス,,宮崎,
ワラバランス,,盛田シンプルイズベスト,
頭虚偽罪,,こたけ正義感,
頭虚偽罪,,サツマカワRPG,
オダウエダ,,植田紫帆,
オダウエダ,,小田結希,
デニス,,松下宣夫,
デニス,,植野行雄,
おとうふ,,山中伸之,
おとうふ,,武藤バブルス,
素敵じゃないか,,吉野晋右,
素敵じゃないか,,柏木成彦,
大自然,,ロジャー,
大自然,,しんちゃん,
とらふぐ,,田畑祐一,
とらふぐ,,阿部直也,
トット,,桑原雅人,
トット,,多田智佑,
ケビンス,,山口コンボイ,
ケビンス,,仁木恭平,
わらふぢなるお,,ふぢわら,
わらふぢなるお,,口笛なるお,
シカゴ実業,,中川ひちゃゆき,
シカゴ実業,,山本プロ野球,
乙女ブレンド,,イツキ,
乙女ブレンド,,アソヌマ,
ナユタ,,ホリコシ,
ナユタ,,おのはら,
ネイチャーバーガー,,笹本はやて,
ネイチャーバーガー,,三浦リョースケ,
コーツ,,永田敬介,
コーツ,,栗原,
ニッポンの社長,,ケツ,
ニッポンの社長,,辻皓平,
まぐろ兄弟,,ぶつえん,
まぐろ兄弟,,アライちゃん,
インテイク,,鈴木龍平,
インテイク,,まえかず,
イチゴ,,イクト,
イチゴ,,木原優一,
キュウ,,清水誠,
キュウ,,ぴろ,
