date,content
2025-10-02,サイト公開
2025-10-03,THE MANZAI を追加しました。
2025-10-04,キングオブコント 2018〜2024 および、しずるの決勝全ネタを追加しました。
2025-10-05,芸人の読みを追加しました。
2025-10-06,芸人一覧を追加しました。
2025-10-07,キングオブコント2024のみ、審査員別得点を追加しました。
2025-10-08,審査員別得点に色付けをしたほか、列ごとにソートできるようにしました。\nまた、スマートフォンなどの環境でもある程度見やすくなるよう表をコンパクトにしました。
2025-10-09,"審査員別得点を\n・M-1 2015〜2024 1本目\n・KOC 2015〜2023 1,2本目\n・R-1 2021〜2025 1本目\nにも記載しました。"
2025-10-10,お問い合わせフォームを設置しました。
2025-10-11,キングオブコント2025 決勝結果を更新しました。
2025-10-12,キングオブコント2017のネタ名を追加しました。
2025-10-13,キングオブコント2016のネタ名を追加しました。
2025-10-14,キングオブコント2015のネタ名を追加しました。
2025-10-15,各大会の年ごとのページに、前大会・翌大会に遷移できるボタンを追加しました。
2025-10-16,キングオブコント2014のネタ名を追加しました。
2025-10-17,ABCお笑いグランプリを追加しました。
2025-10-18,ツギクル芸人グランプリを追加しました。
2025-10-19,NHK新人お笑い大賞を追加しました。
2025-10-20,表が読みやすくなるように修正を行いました。
2025-10-21,マイナビ Laughter Night チャンピオンLIVE を追加しました。
2025-10-22,キングオブコント2013のネタ名を追加しました。
2025-10-23,芸人の別名義に対応し、改名前後や別名義での大会出場情報が同一ページで確認できるようになりました。
2025-10-24,芸人の所属するユニットや所属するメンバーへのリンクを追加しました。
2025-10-25,M-1グランプリの準決勝進出情報を追加しました。
2025-10-26,令和7年度NHK新人お笑い大賞 結果 を追加しました。
2025-10-27,THE SECOND グランプリファイナルの結果を追加しました。
2025-10-28,キングオブコントの準決勝進出情報を追加しました。
2025-10-29,M-1 全大会の得点詳細・得票詳細を追加しました。
2025-10-30,M-1グランプリ2025 大阪準々決勝進出組を追加しました。
2025-10-31,THE SECOND ベスト16・ベスト32進出組を追加しました。
2025-11-01,グループに所属する個人名を追加しました。
2025-11-02,M-1グランプリ2024 準々決勝進出組と、その個人名を追加しました。
2025-11-03,M-1グランプリ2023 準々決勝進出組と、その個人名を追加しました。\nまた、\n・関連ユニット（所属メンバーが所属するユニット）\n・関連メンバー（所属ユニットに所属するメンバー）\nの表示を追加しました。
2025-11-04,THE W 歴代決勝結果を追加しました。
2025-11-05,THE W 2025 を追加しました。
2025-11-06,M-1グランプリ2022 準々決勝進出組と、その個人名を追加しました。
2025-11-07,M-1グランプリ2025 東京準々決勝進出組と、その個人名を追加しました。
2025-11-08,ラフターナイト 第11回チャンピオンLIVE の結果を追加しました。
2025-11-09,M-1グランプリ2020・2021 準々決勝進出組と、その個人名を追加しました。
2025-11-10,M-1グランプリ2019 準々決勝進出組と、その個人名を追加しました。
2025-11-11,M-1グランプリ2018 準々決勝進出組と、その個人名を追加しました。
2025-11-12,M-1グランプリ2017 準々決勝進出組と、その個人名を追加しました。
2025-11-13,M-1グランプリ2016 準々決勝進出組と、その個人名を追加しました。
2025-11-14,M-1グランプリ2015 準々決勝進出組と、その個人名を追加しました。
2025-11-15,M-1グランプリ2010 準々決勝進出組と、その個人名を追加しました。
2025-11-16,芸人詳細ページに、M-1グランプリのコンビ情報ページへのリンクを追加しました。\nM-1 2010 以降に準々決勝以上に進出していてページが存在する組についてはすべて対応していると思います。
2025-11-17,大会年別ページに目次を追加しました。
2025-11-18,トップページのレイアウトを変更し、大会ごとにカード表示させました。
2025-11-19,THE MANZAI 2011 認定漫才師を追加しました。
2025-11-20,M-1グランプリ2025 準決勝進出組を追加しました。
2025-11-21,芸人詳細ページで表を年ごとに表示する機能を追加しました。
2025-11-22,THE MANZAI 2012〜2014 認定漫才師を追加しました。
2025-11-23,歌ネタ王決定戦 を追加しました。
2025-11-24,UNDER5 AWARD を追加しました。
2025-11-25,R-1グランプリ 2021〜2025 準決勝進出者 を追加しました。
2025-11-26,芸人一覧にユニット・個人のフィルター機能と件数表示を追加しました。
2025-11-27,芸人一覧にM-1・KOC結果のフィルターを追加しました。
2025-11-28,水曜日のダウンタウン 30-1グランプリ の結果とネタ名を追加しました。
2025-11-29,R-1ぐらんぷり 2018〜2020 準決勝進出者を追加しました。
2025-11-30,R-1ぐらんぷり 2016・2017 準決勝進出者を追加しました。
2025-12-01,R-1ぐらんぷり 2015 準決勝進出者を追加しました。
2025-12-02,R-1ぐらんぷり 2013・2014 準決勝進出者を追加しました。
2025-12-03,R-1ぐらんぷり 2011・2012 準決勝進出者を追加しました。
2025-12-04,M-1グランプリ2025 決勝進出組を追加しました。
2025-12-05,決勝結果表に決勝進出歴を追加しました。
2025-12-06,R-1ぐらんぷり2010 準決勝進出者を追加しました。
2025-12-07,R-1ぐらんぷり2009 準決勝進出者を追加しました。
2025-12-08,R-1ぐらんぷり2008 準決勝進出者を追加しました。
2025-12-09,R-1ぐらんぷり2007 準決勝進出者を追加しました。
2025-12-10,R-1ぐらんぷり2006 準決勝進出者を追加しました。
2025-12-11,R-1ぐらんぷり2005 準決勝進出者を追加しました。
2025-12-12,R-1ぐらんぷり2003 準決勝進出者を追加しました。
2025-12-13,THE W 2025 決勝結果を追加しました。
2025-12-14,決勝結果表にソート機能を追加しました。
2025-12-15,R-1ぐらんぷり2002 準決勝進出者を追加しました。\nまた、芸人一覧にR-1結果のフィルターを追加しました。
2025-12-16,ダブルインパクトを追加しました。
2025-12-17,M-1グランプリ2024 決勝ネタ名を追加しました。
2025-12-18,各大会に出演する芸人の年齢表・結成年数表を追加しました。
2025-12-19,M-1グランプリ2023 決勝ネタ名を追加しました。
2025-12-20,M-1グランプリ2022 決勝ネタ名を追加しました。
2025-12-21,M-1グランプリ2025 決勝結果・敗者復活戦結果を追加しました。
2025-12-22,ぐるぐるナインティナイン おもしろ荘 2026 を追加しました。
2025-12-23,おもしろ荘全年の本戦出場者と、2025結果詳細を追加しました。
2025-12-24,M-1グランプリ2021 決勝ネタ名を追加しました。
2025-12-25,芸人ページに、所属ユニット／所属メンバーの記録を表示する機能を追加しました。
2025-12-26,芸人一覧ページのM-1・KOC・R-1進出経験フィルタを、所属メンバー・ユニットにも適用しました。
2025-12-27,ytv漫才新人賞を追加しました。
2025-12-28,お笑いハーベスト大賞を追加しました。
2025-12-29,ビートたけし杯「お笑い日本一」を追加しました。
2025-12-30,ABCお笑いグランプリ2025決勝のネタ名を追加しました。
2025-12-31,ABCお笑いグランプリ2024決勝のネタ名を追加しました。
2026-01-01,更新履歴を追加しました。
2026-01-02,芸人一覧ページで、ユニットを結成日順に、個人を誕生日順に並べる機能を追加しました。
2026-01-03,ユニットのメンバーの芸人詳細ページを追加しました。
2026-01-04,本日誕生日の芸人を追加しました。
2026-01-05,爆笑オンエアバトル チャンピオン大会を追加しました。
2026-01-06,爆笑オンエアバトルチャンピオン大会のセミファイナリスト・オンバト＋を追加しました。
2026-01-07,芸人一覧ページに詳細表示を追加しました。
2026-01-08,R-1グランプリ2025のネタ名を追加しました。
